id,name,team,team_id,pos,price,status,news,can_select,minutes,has_last,rise,fall,gw30,gw31,gw32,gw33,gw34,gw35,gw36,gw37,gw38,xp_next,xp_long
1,Raya,ARS,1,1,6.0,a,,True,2700,True,0.0,0.0,4.92,0.0,4.81,4.22,4.74,4.88,4.72,5.17,4.48,4.92,16.772789
2,Arrizabalaga,ARS,1,1,4.1,a,,True,0,True,0.0,0.0,0.0,0.0,0.0,0.0,0.0,0.0,0.0,0.0,0.0,0.0,0.0
3,Hein,ARS,1,1,4.0,a,,True,0,False,0.0,0.0,0.0,0.0,0.0,0.0,0.0,0.0,0.0,0.0,0.0,0.0,0.0
4,Setford,ARS,1,1,3.9,a,,True,0,False,0.0,0.0,0.0,0.0,0.0,0.0,0.0,0.0,0.0,0.0,0.0,0.0,0.0
5,Gabriel,ARS,1,2,7.2,a,,True,2075,True,0.0,0.0,6.72,0.0,6.74,5.31,6.56,6.69,6.55,7.75,5.84,6.72,22.953601
6,Saliba,ARS,1,2,6.1,d,,True,1984,True,0.0,0.0,2.02,0.0,2.42,2.03,2.57,2.67,2.56,3.02,2.29,2.02,8.224364
7,Calafiori,ARS,1,2,5.6,a,,True,1373,True,0.0,0.0,0.83,0.0,0.86,0.76,0.84,0.84,0.84,0.95,0.78,0.83,2.939128
8,J.Timber,ARS,1,2,6.3,a,,True,2415,True,0.0,0.0,5.09,0.0,5.14,3.85,4.97,5.07,4.97,6.08,4.32,5.09,17.350549
9,Kiwior,ARS,1,2,5.4,a,,True,0,True,0.0,0.0,0.0,0.0,0.0,0.0,0.0,0.0,0.0,0.0,0.0,0.0,0.0
10,Lewis-Skelly,ARS,1,2,5.1,a,,True,311,True,0.0,0.0,0.0,0.0,0.0,0.0,0.0,0.0,0.0,0.0,0.0,0.0,0.0
11,White,ARS,1,2,5.1,d,,True,409,True,0.0,0.0,0.01,0.0,0.04,0.04,0.05,0.05,0.05,0.06,0.04,0.01,0.125345
12,Zinchenko,NFO,16,2,4.9,d,,True,352,False,0.0,0.0,0.0,0.0,0.0,0.0,0.0,0.0,0.0,0.0,0.0,0.0,0.0
13,Clarke,ARS,1,2,3.8,a,,True,0,False,0.0,0.0,0.0,0.0,0.0,0.0,0.0,0.0,0.0,0.0,0.0,0.0,0.0
14,Kacurri,ARS,1,2,3.9,a,,True,0,False,0.0,0.0,0.0,0.0,0.0,0.0,0.0,0.0,0.0,0.0,0.0,0.0,0.0
15,Nichols,ARS,1,2,3.7,a,,True,0,False,0.0,0.0,0.0,0.0,0.0,0.0,0.0,0.0,0.0,0.0,0.0,0.0,0.0
16,Saka,ARS,1,3,9.8,a,,True,1905,True,0.0,0.0,5.35,0.0,5.78,4.5,5.57,5.43,5.62,7.05,4.77,5.35,19.165989
17,Ødegaard,ARS,1,3,7.8,d,,True,1070,True,0.0,0.0,0.09,0.0,0.29,0.34,0.38,0.37,0.38,0.44,0.35,0.09,0.977179
18,Madueke,ARS,1,3,6.8,d,,True,829,True,0.0,0.0,0.23,0.0,0.73,0.82,0.95,0.94,0.96,1.12,0.86,0.23,2.445003
19,Martinelli,ARS,1,3,6.8,a,,True,810,True,0.0,0.0,2.16,0.0,2.34,1.88,2.26,2.19,2.28,2.82,1.96,2.16,7.781394
20,Trossard,ARS,1,3,6.6,a,,True,1675,True,0.0,0.0,2.64,0.0,2.83,2.31,2.74,2.68,2.77,3.35,2.41,2.64,9.467422
21,Rice,ARS,1,3,7.4,a,,True,2490,True,0.0,0.0,5.19,0.0,5.43,4.57,5.3,5.24,5.32,6.24,4.77,5.19,18.396465
22,Merino,ARS,1,3,5.4,d,,True,996,True,0.0,0.0,0.01,0.0,0.03,0.03,0.03,0.03,0.03,0.04,0.03,0.01,0.087964
23,Fábio Vieira,ARS,1,3,5.4,a,,True,0,False,0.0,0.0,0.0,0.0,0.0,0.0,0.0,0.0,0.0,0.0,0.0,0.0,0.0
24,Nørgaard,ARS,1,3,5.1,a,,True,56,True,0.0,0.0,0.74,0.0,0.76,0.72,0.75,0.75,0.75,0.79,0.73,0.74,2.632757
25,Nwaneri,ARS,1,3,5.0,a,,True,165,True,0.0,0.0,0.0,0.0,0.0,0.0,0.0,0.0,0.0,0.0,0.0,0.0,0.0
26,Zubimendi,ARS,1,3,5.2,a,,True,2524,False,0.0,0.0,3.78,0.0,3.89,3.33,3.81,3.79,3.82,4.38,3.48,3.78,13.280833
27,Nelson,BRE,5,3,4.8,a,,True,50,False,0.0,0.0,0.01,0.01,0.01,0.01,0.01,0.01,0.01,0.01,0.01,0.01,0.043289
28,Kabia,ARS,1,3,4.5,a,,True,0,False,0.0,0.0,0.0,0.0,0.0,0.0,0.0,0.0,0.0,0.0,0.0,0.0,0.0
29,Sambi,ARS,1,3,4.5,a,,True,0,False,0.0,0.0,0.0,0.0,0.0,0.0,0.0,0.0,0.0,0.0,0.0,0.0,0.0
30,Havertz,ARS,1,4,7.3,a,,True,201,True,0.0,0.0,1.18,0.0,1.25,1.07,1.22,1.19,1.23,1.44,1.11,1.18,4.228145
31,G.Jesus,ARS,1,4,6.4,d,,True,304,True,0.0,0.0,0.07,0.0,0.23,0.25,0.3,0.29,0.31,0.38,0.26,0.07,0.767684
32,Martinez,AVL,2,1,5.1,a,,True,2205,True,0.0,0.0,3.39,4.02,3.78,4.2,3.66,4.08,4.04,3.65,3.28,3.39,16.386485
33,M.Bizot,AVL,2,1,4.2,d,,True,405,False,0.0,0.0,0.0,0.0,0.01,0.01,0.01,0.01,0.01,0.01,0.01,0.0,0.025289
34,Gauci,AVL,2,1,4.0,a,,True,0,False,0.0,0.0,0.0,0.0,0.0,0.0,0.0,0.0,0.0,0.0,0.0,0.0,0.0
35,Marschall,AVL,2,1,4.0,a,,True,0,False,0.0,0.0,0.0,0.0,0.0,0.0,0.0,0.0,0.0,0.0,0.0,0.0,0.0
36,Cash,AVL,2,2,4.8,a,,True,2352,True,0.0,0.0,1.65,2.44,2.1,2.5,1.96,2.42,2.45,1.95,1.49,1.65,9.12298
37,Digne,AVL,2,2,4.5,d,,True,1378,True,0.0,0.0,0.57,0.99,0.93,1.24,0.94,1.19,1.19,0.94,0.67,0.57,3.988534
38,Konsa,AVL,2,2,4.4,a,,True,2495,True,0.0,0.0,2.47,3.67,3.24,3.94,3.02,3.76,3.71,3.01,2.14,2.47,13.928778
39,Maatsen,AVL,2,2,4.2,a,,True,1243,True,0.0,0.0,2.14,3.23,2.76,3.3,2.57,3.19,3.24,2.55,1.92,2.14,11.984214
40,Mings,AVL,2,2,4.3,a,,True,872,True,0.0,0.0,1.88,2.86,2.47,2.97,2.29,2.86,2.87,2.28,1.67,1.88,10.655272
41,Pau,AVL,2,2,4.3,d,,True,1296,True,0.0,0.0,0.52,0.88,0.85,1.14,0.86,1.08,1.07,0.85,0.59,0.52,3.615568
42,A.García,AVL,2,2,3.9,a,,True,33,False,0.0,0.0,0.15,0.15,0.15,0.15,0.15,0.15,0.15,0.15,0.15,0.15,0.649337
43,Alex Moreno,AVL,2,2,4.0,a,,True,0,True,0.0,0.0,0.0,0.0,0.0,0.0,0.0,0.0,0.0,0.0,0.0,0.0,0.0
44,Bogarde,AVL,2,2,4.0,a,,True,707,False,0.0,0.0,0.82,0.98,0.91,0.99,0.88,0.97,0.98,0.88,0.79,0.82,3.945568
45,Sousa,AVL,2,2,3.8,a,,True,0,False,0.0,0.0,0.0,0.0,0.0,0.0,0.0,0.0,0.0,0.0,0.0,0.0,0.0
46,Yasin,AVL,2,2,4.0,a,,True,0,False,0.0,0.0,0.0,0.0,0.0,0.0,0.0,0.0,0.0,0.0,0.0,0.0,0.0
47,Rogers,AVL,2,3,7.5,a,,True,2587,True,0.0,0.0,3.39,4.64,3.88,4.23,3.69,4.26,4.58,3.66,3.41,3.39,17.198581
48,Tielemans,AVL,2,3,5.9,d,,True,1295,True,0.0,0.0,0.03,0.08,0.1,0.15,0.13,0.15,0.15,0.13,0.12,0.03,0.423917
49,Bailey,AVL,2,3,5.5,a,,True,282,True,0.0,0.0,2.01,2.56,2.23,2.39,2.15,2.4,2.53,2.14,2.02,2.01,9.826867
50,Buendía,AVL,2,3,5.3,a,,True,1355,False,0.0,0.0,2.98,3.92,3.35,3.63,3.21,3.65,3.88,3.19,2.98,2.98,14.815479
51,Iling Jr,AVL,2,3,5.5,a,,True,0,False,0.0,0.0,0.0,0.0,0.0,0.0,0.0,0.0,0.0,0.0,0.0,0.0,0.0
52,J.Ramsey,NEW,15,3,5.3,a,,True,894,True,0.0,0.0,1.62,1.85,1.66,1.87,1.42,1.78,1.75,1.99,1.69,1.62,7.444363
53,Malen,AVL,2,3,5.1,d,,True,640,False,0.0,0.0,0.0,0.01,0.01,0.02,0.02,0.02,0.02,0.02,0.01,0.0,0.050501
54,McGinn,AVL,2,3,5.3,d,,True,1591,True,0.0,0.0,0.01,0.03,0.04,0.05,0.05,0.05,0.05,0.05,0.04,0.01,0.152368
55,Barkley,AVL,2,3,4.8,a,,True,243,False,0.0,0.0,1.28,1.61,1.4,1.46,1.35,1.48,1.59,1.34,1.3,1.28,6.165378
56,Barrenechea,AVL,2,3,5.0,a,,True,0,False,0.0,0.0,0.0,0.0,0.0,0.0,0.0,0.0,0.0,0.0,0.0,0.0,0.0
57,Dobbin,AVL,2,3,5.0,a,,True,0,False,0.0,0.0,0.0,0.0,0.0,0.0,0.0,0.0,0.0,0.0,0.0,0.0,0.0
58,Kamara,AVL,2,3,4.9,d,,True,1410,True,0.0,0.0,0.01,0.02,0.02,0.03,0.03,0.03,0.03,0.03,0.03,0.01,0.095467
59,Onana,AVL,2,3,4.8,a,,True,1378,True,0.0,0.0,2.93,3.48,3.17,3.37,3.09,3.36,3.46,3.08,2.91,2.93,13.876067
60,Broggio,AVL,2,3,4.4,a,,True,0,False,0.0,0.0,0.0,0.0,0.0,0.0,0.0,0.0,0.0,0.0,0.0,0.0,0.0
61,Dendoncker,AVL,2,3,4.5,a,,True,0,False,0.0,0.0,0.0,0.0,0.0,0.0,0.0,0.0,0.0,0.0,0.0,0.0,0.0
62,Jimoh-Aloba,AVL,2,3,4.5,a,,True,8,False,0.0,0.0,0.0,0.0,0.0,0.0,0.0,0.0,0.0,0.0,0.0,0.0,0.0
63,Young,AVL,2,3,4.3,a,,True,0,False,0.0,0.0,0.0,0.0,0.0,0.0,0.0,0.0,0.0,0.0,0.0,0.0,0.0
64,Watkins,AVL,2,4,8.5,a,,True,2144,True,0.0,0.0,3.5,4.76,3.93,4.19,3.75,4.27,4.68,3.72,3.57,3.5,17.509595
65,Redmond,AVL,2,4,4.5,a,,True,0,False,0.0,0.0,0.0,0.0,0.0,0.0,0.0,0.0,0.0,0.0,0.0,0.0,0.0
66,Neto,BOU,4,1,4.5,a,,True,0,False,0.0,0.0,0.0,0.0,0.0,0.0,0.0,0.0,0.0,0.0,0.0,0.0,0.0
67,Petrović,BOU,4,1,4.5,a,,True,2610,False,0.0,0.0,3.65,3.26,3.02,6.64,0.0,3.36,3.31,3.11,3.42,3.65,14.785176
68,Dennis,BOU,4,1,4.0,a,,True,0,False,0.0,0.0,0.0,0.0,0.0,0.0,0.0,0.0,0.0,0.0,0.0,0.0,0.0
69,McKenna,BOU,4,1,3.9,a,,True,0,False,0.0,0.0,0.0,0.0,0.0,0.0,0.0,0.0,0.0,0.0,0.0,0.0,0.0
70,Paulsen,BOU,4,1,4.0,a,,True,0,False,0.0,0.0,0.0,0.0,0.0,0.0,0.0,0.0,0.0,0.0,0.0,0.0,0.0
71,Zabarnyi,BOU,4,2,5.0,a,,True,0,True,0.0,0.0,0.0,0.0,0.0,0.0,0.0,0.0,0.0,0.0,0.0,0.0,0.0
72,Senesi,BOU,4,2,5.0,a,,True,2478,True,0.0,0.0,5.19,4.2,3.35,8.75,0.0,4.47,4.27,3.9,4.54,5.19,19.337659
73,Smith,BOU,4,2,4.4,d,,True,727,True,0.0,0.0,0.11,0.2,0.28,0.8,0.0,0.41,0.4,0.38,0.41,0.11,1.246485
74,Truffert,BOU,4,2,4.6,a,,True,2568,False,0.0,0.0,4.04,3.21,2.53,6.67,0.0,3.43,3.28,2.89,3.52,4.04,14.82265
75,Akinmboni,BOU,4,2,3.8,a,,True,0,False,0.0,0.0,0.0,0.0,0.0,0.0,0.0,0.0,0.0,0.0,0.0,0.0,0.0
76,Bevan,BOU,4,2,3.8,a,,True,0,False,0.0,0.0,0.0,0.0,0.0,0.0,0.0,0.0,0.0,0.0,0.0,0.0,0.0
77,Hill,BOU,4,2,4.2,a,,True,1292,False,0.0,0.0,4.64,3.8,3.12,7.86,0.0,4.02,3.87,3.48,4.11,4.64,17.452243
78,J.Araujo,BOU,4,2,3.8,a,,True,0,False,0.0,0.0,0.0,0.0,0.0,0.0,0.0,0.0,0.0,0.0,0.0,0.0,0.0
79,Mepham,BOU,4,2,4.0,a,,True,0,False,0.0,0.0,0.0,0.0,0.0,0.0,0.0,0.0,0.0,0.0,0.0,0.0,0.0
80,Soler,BOU,4,2,4.0,a,,True,34,False,0.0,0.0,0.0,0.0,0.0,0.0,0.0,0.0,0.0,0.0,0.0,0.0,0.0
81,Kluivert,BOU,4,3,6.9,d,,True,914,True,0.0,0.0,0.0,0.01,0.01,0.03,0.0,0.02,0.01,0.01,0.01,0.0,0.04271
82,Semenyo,MCI,13,3,8.3,a,,True,2516,True,0.0,0.0,5.26,0.0,4.27,9.46,0.0,4.51,10.02,4.82,5.11,5.26,18.808983
83,O.Dango,BRE,5,3,6.0,a,,True,1613,True,0.0,0.0,4.83,4.17,4.45,4.51,3.7,5.23,3.74,4.4,3.63,4.83,19.064585
84,Tavernier,BOU,4,3,5.3,a,,True,1942,True,0.0,0.0,3.54,2.84,2.11,6.07,0.0,3.04,2.81,2.87,2.96,3.54,13.1015
85,Adams,BOU,4,3,4.9,a,,True,1412,True,0.0,0.0,2.17,1.95,1.74,3.99,0.0,2.01,1.95,1.92,2.0,2.17,8.794495
86,Brooks,BOU,4,3,5.0,d,,True,1014,True,0.0,0.0,0.78,0.71,0.59,1.82,0.0,0.91,0.84,0.87,0.88,0.78,3.505921
87,Christie,BOU,4,3,4.9,a,,True,579,True,0.0,0.0,2.35,2.01,1.66,4.2,0.0,2.11,2.0,2.01,2.07,2.35,9.155309
88,Cook,BOU,4,3,4.9,d,,True,870,True,0.0,0.0,0.1,0.19,0.26,0.78,0.0,0.39,0.38,0.38,0.39,0.1,1.190293
89,Philip,BOU,4,3,4.9,a,,True,0,False,0.0,0.0,0.0,0.0,0.0,0.0,0.0,0.0,0.0,0.0,0.0,0.0,0.0
90,Scott,BOU,4,3,5.1,a,,True,2128,True,0.0,0.0,4.47,3.93,3.39,8.14,0.0,4.08,3.91,3.93,4.04,4.47,17.815178
91,Sinisterra,BOU,4,3,5.0,a,,True,0,False,0.0,0.0,0.0,0.0,0.0,0.0,0.0,0.0,0.0,0.0,0.0,0.0,0.0
92,Faivre,BOU,4,3,4.5,a,,True,0,False,0.0,0.0,0.0,0.0,0.0,0.0,0.0,0.0,0.0,0.0,0.0,0.0,0.0
93,H.Traorè,BOU,4,3,4.5,a,,True,16,False,0.0,0.0,0.0,0.0,0.0,0.0,0.0,0.0,0.0,0.0,0.0,0.0,0.0
94,Sadi,BOU,4,3,4.5,a,,True,0,False,0.0,0.0,0.0,0.0,0.0,0.0,0.0,0.0,0.0,0.0,0.0,0.0,0.0
95,Silcott-Duberry,BOU,4,3,4.4,a,,True,0,False,0.0,0.0,0.0,0.0,0.0,0.0,0.0,0.0,0.0,0.0,0.0,0.0,0.0
96,Winterburn,BOU,4,3,4.5,a,,True,6,False,0.0,0.0,0.0,0.0,0.0,0.0,0.0,0.0,0.0,0.0,0.0,0.0,0.0
97,Evanilson,BOU,4,4,6.8,a,,True,2013,True,0.0,0.0,3.68,3.03,2.32,6.45,0.0,3.23,2.99,3.1,3.13,3.68,13.908661
98,Enes Ünal,BOU,4,4,5.4,a,,True,170,False,0.0,0.0,1.34,1.21,1.08,2.5,0.0,1.25,1.2,1.22,1.23,1.34,5.465585
99,Adu-Adjei,BOU,4,4,4.4,a,,True,0,False,0.0,0.0,0.0,0.0,0.0,0.0,0.0,0.0,0.0,0.0,0.0,0.0,0.0
100,Kroupi.Jr,BOU,4,4,4.7,a,,True,1215,False,0.0,0.0,3.54,2.87,2.12,6.13,0.0,3.07,2.82,2.94,2.96,3.54,13.189752
101,Kelleher,BRE,5,1,4.8,a,,True,2520,True,0.0,0.0,3.21,2.61,2.92,2.87,2.47,2.93,2.36,2.72,2.49,3.21,12.214892
102,Balcombe,BRE,5,1,3.9,a,,True,0,False,0.0,0.0,0.0,0.0,0.0,0.0,0.0,0.0,0.0,0.0,0.0,0.0,0.0
103,Cox,BRE,5,1,3.9,a,,True,0,False,0.0,0.0,0.0,0.0,0.0,0.0,0.0,0.0,0.0,0.0,0.0,0.0,0.0
104,Eyestone,BRE,5,1,3.9,a,,True,0,False,0.0,0.0,0.0,0.0,0.0,0.0,0.0,0.0,0.0,0.0,0.0,0.0,0.0
105,Valdimarsson,BRE,5,1,3.9,a,,True,90,False,0.0,0.0,0.95,0.71,0.84,0.82,0.65,0.83,0.6,0.75,0.67,0.95,3.440635
106,Collins,BRE,5,2,4.9,a,,True,2161,True,0.0,0.0,2.25,1.63,1.95,1.93,1.4,2.08,1.27,1.77,1.42,2.25,7.98753
107,Lewis-Potter,BRE,5,2,4.8,a,,True,1152,True,0.0,0.0,1.73,1.48,1.61,1.6,1.37,1.72,1.33,1.55,1.37,1.73,6.79192
108,Ajer,BRE,5,2,4.4,a,,True,1606,True,0.0,0.0,4.33,3.06,3.73,3.66,2.66,3.84,2.33,3.31,2.72,4.33,15.14824
109,Henry,BRE,5,2,4.3,a,,True,1322,False,0.0,0.0,2.61,1.86,2.26,2.21,1.62,2.3,1.43,2.01,1.67,2.61,9.169709
110,Kayode,BRE,5,2,4.5,a,,True,2448,False,0.0,0.0,3.46,2.35,2.94,2.87,1.98,3.05,1.7,2.58,2.04,3.46,11.830437
111,Pinnock,BRE,5,2,4.2,d,,True,228,True,0.0,0.0,0.0,0.0,0.0,0.0,0.0,0.0,0.0,0.0,0.0,0.0,0.0
112,Roerslev,BRE,5,2,4.5,a,,True,0,True,0.0,0.0,0.0,0.0,0.0,0.0,0.0,0.0,0.0,0.0,0.0,0.0,0.0
113,Van den Berg,BRE,5,2,4.5,a,,True,2123,True,0.0,0.0,4.92,3.6,4.29,4.23,3.14,4.52,2.84,3.88,3.19,4.92,17.571995
114,Arthur,BRE,5,2,3.8,a,,True,0,False,0.0,0.0,0.0,0.0,0.0,0.0,0.0,0.0,0.0,0.0,0.0,0.0,0.0
115,Fredrick,BRE,5,2,4.0,a,,True,0,False,0.0,0.0,0.0,0.0,0.0,0.0,0.0,0.0,0.0,0.0,0.0,0.0,0.0
116,Hickey,BRE,5,2,4.0,d,,True,588,False,0.0,0.0,0.09,0.16,0.25,0.33,0.32,0.35,0.32,0.33,0.32,0.09,0.999499
117,Ji-soo,BRE,5,2,3.9,a,,True,0,False,0.0,0.0,0.0,0.0,0.0,0.0,0.0,0.0,0.0,0.0,0.0,0.0,0.0
118,Meghoma,BRE,5,2,4.0,a,,True,0,False,0.0,0.0,0.0,0.0,0.0,0.0,0.0,0.0,0.0,0.0,0.0,0.0,0.0
119,Mbeumo,MUN,14,3,8.7,a,,True,2047,True,0.0,0.0,5.04,4.75,5.2,4.2,4.97,4.46,4.67,5.34,4.38,5.04,20.894499
120,Schade,BRE,5,3,6.9,a,,True,2063,True,0.0,0.0,3.78,3.24,3.47,3.52,2.86,4.12,2.89,3.44,2.8,3.78,14.865316
121,Damsgaard,BRE,5,3,5.6,a,,True,1495,True,0.0,0.0,3.35,2.97,3.14,3.16,2.72,3.53,2.73,3.1,2.69,3.35,13.44142
122,Milambo,BRE,5,3,5.2,a,,True,45,False,0.0,0.0,0.0,0.0,0.0,0.0,0.0,0.0,0.0,0.0,0.0,0.0,0.0
123,Carvalho,BRE,5,3,4.7,a,,True,100,False,0.0,0.0,0.0,0.0,0.0,0.0,0.0,0.0,0.0,0.0,0.0,0.0,0.0
124,Henderson,BRE,5,3,5.0,a,,True,1634,False,0.0,0.0,2.12,1.92,2.01,2.01,1.83,2.13,1.81,1.97,1.82,2.12,8.612011
125,Janelt,BRE,5,3,4.9,d,,True,1253,True,0.0,0.0,0.22,0.39,0.62,0.83,0.72,0.92,0.72,0.81,0.71,0.22,2.427869
126,Jensen,BRE,5,3,4.9,a,,True,1465,True,0.0,0.0,3.78,3.31,3.52,3.54,3.03,3.95,3.02,3.45,2.99,3.78,15.045535
127,Nunes,BRE,5,3,4.9,a,,True,0,False,0.0,0.0,0.0,0.0,0.0,0.0,0.0,0.0,0.0,0.0,0.0,0.0,0.0
128,Onyeka,BRE,5,3,4.8,a,,True,88,False,0.0,0.0,0.0,0.0,0.0,0.0,0.0,0.0,0.0,0.0,0.0,0.0,0.0
129,Yarmoliuk,BRE,5,3,5.0,a,,True,2014,True,0.0,0.0,1.66,1.53,1.59,1.59,1.46,1.67,1.45,1.56,1.46,1.66,6.813133
130,Donovan,BRE,5,3,4.4,a,,True,38,False,0.0,0.0,0.52,0.5,0.51,0.51,0.49,0.53,0.49,0.51,0.49,0.52,2.199508
131,Konak,BRE,5,3,4.3,a,,True,0,False,0.0,0.0,0.0,0.0,0.0,0.0,0.0,0.0,0.0,0.0,0.0,0.0,0.0
132,Maghoma,BRE,5,3,4.5,a,,True,0,False,0.0,0.0,0.0,0.0,0.0,0.0,0.0,0.0,0.0,0.0,0.0,0.0,0.0
133,Peart-Harris,BRE,5,3,4.4,a,,True,1,False,0.0,0.0,0.0,0.0,0.0,0.0,0.0,0.0,0.0,0.0,0.0,0.0,0.0
134,Trevitt,BRE,5,3,4.5,a,,True,0,False,0.0,0.0,0.0,0.0,0.0,0.0,0.0,0.0,0.0,0.0,0.0,0.0,0.0
135,Wissa,NEW,15,4,7.3,d,,True,421,True,0.0,0.0,0.49,0.61,0.61,0.76,0.55,0.71,0.7,0.81,0.67,0.49,2.68123
136,Thiago,BRE,5,4,7.2,a,,True,2472,False,0.0,0.0,5.46,4.82,5.07,5.17,4.24,6.15,4.35,5.1,4.12,5.46,21.860871
137,Morgan,BRE,5,4,4.4,a,,True,0,False,0.0,0.0,0.0,0.0,0.0,0.0,0.0,0.0,0.0,0.0,0.0,0.0,0.0
138,Steele,BHA,6,1,4.2,a,,True,0,False,0.0,0.0,0.0,0.0,0.0,0.0,0.0,0.0,0.0,0.0,0.0,0.0,0.0
139,Verbruggen,BHA,6,1,4.5,a,,True,2610,True,0.0,0.0,3.78,3.5,3.86,7.02,0.0,3.35,4.2,3.42,3.46,3.78,16.14109
140,McGill,BHA,6,1,3.9,a,,True,0,False,0.0,0.0,0.0,0.0,0.0,0.0,0.0,0.0,0.0,0.0,0.0,0.0,0.0
141,Rushworth,BHA,6,1,4.0,a,,True,0,False,0.0,0.0,0.0,0.0,0.0,0.0,0.0,0.0,0.0,0.0,0.0,0.0,0.0
142,Scherpen,BHA,6,1,4.0,a,,True,0,False,0.0,0.0,0.0,0.0,0.0,0.0,0.0,0.0,0.0,0.0,0.0,0.0,0.0
143,Boscagli,BHA,6,2,4.2,a,,True,439,False,0.0,0.0,1.68,1.45,1.83,2.94,0.0,1.33,2.02,1.4,1.43,1.68,7.015341
144,Coppola,BHA,6,2,4.2,d,,True,193,False,0.0,0.0,0.0,0.0,0.0,0.0,0.0,0.0,0.0,0.0,0.0,0.0,0.0
145,De Cuyper,BHA,6,2,4.3,d,,True,1131,False,0.0,0.0,0.61,0.64,0.81,1.56,0.0,0.75,0.9,0.76,0.76,0.61,3.2077
146,Dunk,BHA,6,2,4.5,d,,True,2385,True,0.0,0.0,1.37,1.29,1.79,3.11,0.0,1.39,2.23,1.47,1.51,1.37,6.741594
147,Estupiñan,BHA,6,2,4.5,a,,True,0,True,0.0,0.0,0.0,0.0,0.0,0.0,0.0,0.0,0.0,0.0,0.0,0.0,0.0
148,F.Kadıoğlu,BHA,6,2,4.4,a,,True,2320,False,0.0,0.0,3.5,3.01,3.86,6.12,0.0,2.77,4.26,2.91,2.96,3.5,14.643124
149,Igor,BHA,6,2,4.5,a,,True,103,True,0.0,0.0,0.0,0.0,0.0,0.0,0.0,0.0,0.0,0.0,0.0,0.0,0.0
150,Lamptey,BHA,6,2,4.4,a,,True,0,True,0.0,0.0,0.0,0.0,0.0,0.0,0.0,0.0,0.0,0.0,0.0,0.0,0.0
151,Van Hecke,BHA,6,2,4.4,a,,True,2400,True,0.0,0.0,3.86,3.39,4.23,6.89,0.0,3.17,4.59,3.3,3.35,3.86,16.302963
152,Veltman,BHA,6,2,4.3,a,,True,840,True,0.0,0.0,1.21,1.16,1.3,2.35,0.0,1.14,1.32,1.16,1.16,1.21,5.330671
153,Webster,BHA,6,2,4.4,a,,True,0,True,0.0,0.0,0.0,0.0,0.0,0.0,0.0,0.0,0.0,0.0,0.0,0.0,0.0
154,Cashin,BHA,6,2,4.0,a,,True,0,False,0.0,0.0,0.0,0.0,0.0,0.0,0.0,0.0,0.0,0.0,0.0,0.0,0.0
155,Slater,BHA,6,2,4.0,a,,True,0,False,0.0,0.0,0.0,0.0,0.0,0.0,0.0,0.0,0.0,0.0,0.0,0.0,0.0
156,Tasker,BHA,6,2,3.8,a,,True,0,False,0.0,0.0,0.0,0.0,0.0,0.0,0.0,0.0,0.0,0.0,0.0,0.0,0.0
157,Mitoma,BHA,6,3,6.1,a,,True,1408,True,0.0,0.0,2.93,2.81,3.53,5.89,0.0,2.88,3.34,2.91,2.87,2.93,13.363937
158,Georginio,BHA,6,3,5.6,a,,True,1592,True,0.0,0.0,1.67,1.6,1.95,3.32,0.0,1.62,1.88,1.64,1.62,1.67,7.537236
159,March,BHA,6,3,5.8,a,,True,4,False,0.0,0.0,0.25,0.25,0.25,0.5,0.0,0.25,0.25,0.25,0.25,0.25,1.107828
160,Minteh,BHA,6,3,5.5,a,,True,1679,True,0.0,0.0,0.96,0.94,1.14,1.96,0.0,0.97,1.06,0.98,0.96,0.96,4.407424
161,Enciso,BHA,6,3,5.4,a,,True,0,True,0.0,0.0,0.0,0.0,0.0,0.0,0.0,0.0,0.0,0.0,0.0,0.0,0.0
162,Gruda,BHA,6,3,5.4,d,,True,708,True,0.0,0.0,0.02,0.03,0.05,0.12,0.0,0.06,0.07,0.06,0.06,0.02,0.1981
163,Hinshelwood,BHA,6,3,5.1,a,,True,1001,True,0.0,0.0,2.97,2.85,3.36,5.87,0.0,2.87,3.29,2.9,2.88,2.97,13.300093
164,O'Riley,BHA,6,3,5.5,d,,True,185,True,0.0,0.0,0.02,0.03,0.05,0.13,0.0,0.06,0.06,0.06,0.06,0.02,0.200599
165,Sima,BHA,6,3,5.4,a,,True,0,False,0.0,0.0,0.0,0.0,0.0,0.0,0.0,0.0,0.0,0.0,0.0,0.0,0.0
166,Ayari,BHA,6,3,4.8,a,,True,1711,True,0.0,0.0,0.66,0.65,0.72,1.33,0.0,0.66,0.7,0.66,0.66,0.66,2.970671
167,Baleba,BHA,6,3,4.5,a,,True,1261,True,0.0,0.0,1.72,1.67,1.82,3.38,0.0,1.66,1.83,1.68,1.67,1.72,7.607533
168,Buonanotte,LEE,11,3,4.6,a,,True,69,True,0.0,0.0,0.06,0.06,0.06,0.12,0.0,0.07,0.06,0.06,0.06,0.06,0.269155
169,Gomez,BHA,6,3,4.9,a,,True,1748,False,0.0,0.0,3.45,3.3,4.06,6.87,0.0,3.36,3.89,3.39,3.35,3.45,15.599556
170,Milner,BHA,6,3,4.9,d,,True,549,False,0.0,0.0,1.11,1.18,1.57,2.93,0.0,1.43,1.66,1.45,1.43,1.11,6.006703
171,Sarmiento,BHA,6,3,4.9,a,,True,0,False,0.0,0.0,0.0,0.0,0.0,0.0,0.0,0.0,0.0,0.0,0.0,0.0,0.0
172,Watson,BHA,6,3,4.8,a,,True,57,False,0.0,0.0,0.01,0.01,0.01,0.02,0.0,0.01,0.01,0.01,0.01,0.01,0.044313
173,Wieffer,BHA,6,3,4.9,a,,True,1389,True,0.0,0.0,2.45,2.36,2.72,4.83,0.0,2.36,2.69,2.38,2.37,2.45,10.926994
174,Yalcouye,BHA,6,3,5.0,a,,True,0,False,0.0,0.0,0.0,0.0,0.0,0.0,0.0,0.0,0.0,0.0,0.0,0.0,0.0
175,Knight,BHA,6,3,4.4,a,,True,1,False,0.0,0.0,0.0,0.0,0.0,0.0,0.0,0.0,0.0,0.0,0.0,0.0,0.0
176,Mazilu,BHA,6,3,4.5,a,,True,0,False,0.0,0.0,0.0,0.0,0.0,0.0,0.0,0.0,0.0,0.0,0.0,0.0,0.0
177,Moran,BHA,6,3,4.5,a,,True,0,False,0.0,0.0,0.0,0.0,0.0,0.0,0.0,0.0,0.0,0.0,0.0,0.0,0.0
178,Welbeck,BHA,6,4,6.1,a,,True,1645,True,0.0,0.0,3.05,2.97,3.77,6.27,0.0,3.09,3.46,3.11,3.05,3.05,14.132509
179,Ferguson,BHA,6,4,5.5,a,,True,0,False,0.0,0.0,0.0,0.0,0.0,0.0,0.0,0.0,0.0,0.0,0.0,0.0,0.0
180,Tzimas,BHA,6,4,5.2,a,,True,132,False,0.0,0.0,0.0,0.0,0.0,0.0,0.0,0.0,0.0,0.0,0.0,0.0,0.0
181,Kostoulas,BHA,6,4,4.8,d,,True,292,False,0.0,0.0,0.1,0.2,0.37,0.84,0.0,0.42,0.46,0.42,0.41,0.1,1.341959
182,Trafford,MCI,13,1,4.5,d,,True,270,False,0.0,0.0,0.0,0.0,0.0,0.0,0.0,0.0,0.0,0.0,0.0,0.0,0.0
183,Weiss,BUR,3,1,4.3,a,,True,0,False,0.0,0.0,0.0,0.0,0.0,0.0,0.0,0.0,0.0,0.0,0.0,0.0,0.0
184,Green,BUR,3,1,4.0,a,,True,0,False,0.0,0.0,0.0,0.0,0.0,0.0,0.0,0.0,0.0,0.0,0.0,0.0,0.0
185,Hladký,BUR,3,1,3.9,a,,True,0,False,0.0,0.0,0.0,0.0,0.0,0.0,0.0,0.0,0.0,0.0,0.0,0.0,0.0
186,Roberts,BUR,3,2,4.3,a,,True,0,False,0.0,0.0,0.0,0.0,0.0,0.0,0.0,0.0,0.0,0.0,0.0,0.0,0.0
187,Walker,BUR,3,2,4.4,a,,True,2371,True,0.0,0.0,1.31,1.11,1.27,2.1,0.0,1.02,1.42,0.7,1.85,1.31,5.249657
188,Delcroix,BUR,3,2,3.8,a,,True,0,False,0.0,0.0,0.0,0.0,0.0,0.0,0.0,0.0,0.0,0.0,0.0,0.0,0.0
189,Dodgson,BUR,3,2,4.0,a,,True,0,False,0.0,0.0,0.0,0.0,0.0,0.0,0.0,0.0,0.0,0.0,0.0,0.0,0.0
190,Ekdal,BUR,3,2,3.8,d,,True,1179,False,0.0,0.0,0.01,0.01,0.02,0.04,0.0,0.02,0.02,0.02,0.02,0.01,0.070626
191,Estève,BUR,3,2,3.9,a,,True,2239,False,0.0,0.0,3.01,2.71,2.96,5.22,0.0,2.56,3.2,2.09,3.88,3.01,12.512022
192,Hartman,BUR,3,2,4.0,d,,True,1337,False,0.0,0.0,0.0,0.0,0.0,0.0,0.0,0.0,0.0,0.0,0.0,0.0,0.0
193,Humphreys,BUR,3,2,3.9,a,,True,1059,False,0.0,0.0,2.44,2.09,2.36,4.0,0.0,1.95,2.6,1.39,3.31,2.44,9.83778
194,Jordan,BUR,3,2,3.9,a,,True,0,False,0.0,0.0,0.0,0.0,0.0,0.0,0.0,0.0,0.0,0.0,0.0,0.0,0.0
195,Lucas Pires,BUR,3,2,3.8,a,,True,1086,False,0.0,0.0,1.99,1.7,1.92,3.28,0.0,1.6,2.11,1.14,2.66,1.99,8.020921
196,Sambo,BUR,3,2,4.0,a,,True,0,False,0.0,0.0,0.0,0.0,0.0,0.0,0.0,0.0,0.0,0.0,0.0,0.0,0.0
197,Sonne,BUR,3,2,3.8,a,,True,164,False,0.0,0.0,0.01,0.01,0.01,0.03,0.0,0.01,0.01,0.01,0.01,0.01,0.049433
198,Tuanzebe,BUR,3,2,3.9,d,,True,931,True,0.0,0.0,0.02,0.04,0.07,0.17,0.0,0.08,0.1,0.06,0.12,0.02,0.268984
199,Worrall,BUR,3,2,3.8,a,,True,480,False,0.0,0.0,2.09,1.95,2.07,3.81,0.0,1.88,2.18,1.66,2.51,2.09,8.882268
200,Anthony,BUR,3,3,5.0,a,,True,1928,False,0.0,0.0,3.92,3.44,3.67,7.09,0.0,3.51,3.76,2.75,4.0,3.92,16.034504
201,Benson,BUR,3,3,5.4,a,,True,0,False,0.0,0.0,0.0,0.0,0.0,0.0,0.0,0.0,0.0,0.0,0.0,0.0,0.0
202,Bruun Larsen,BUR,3,3,5.3,d,,True,961,False,0.0,0.0,0.56,0.58,0.65,1.41,0.0,0.7,0.72,0.62,0.73,0.56,2.832537
203,Boateng,BUR,3,3,4.7,a,,True,0,False,0.0,0.0,0.0,0.0,0.0,0.0,0.0,0.0,0.0,0.0,0.0,0.0,0.0
204,Churlinov,BUR,3,3,4.9,a,,True,0,False,0.0,0.0,0.0,0.0,0.0,0.0,0.0,0.0,0.0,0.0,0.0,0.0,0.0
205,Cullen,BUR,3,3,4.9,d,,True,1513,False,0.0,0.0,0.0,0.0,0.0,0.0,0.0,0.0,0.0,0.0,0.0,0.0,0.0
206,Edwards,BUR,3,3,4.7,d,,True,867,False,0.0,0.0,0.33,0.57,0.92,2.36,0.0,1.17,1.25,0.93,1.33,0.33,3.712358
207,Hannibal,BUR,3,3,4.7,a,,True,874,False,0.0,0.0,2.81,2.5,2.65,5.13,0.0,2.54,2.72,2.04,2.9,2.81,11.592257
208,Koleosho,BUR,3,3,5.0,a,,True,0,False,0.0,0.0,0.0,0.0,0.0,0.0,0.0,0.0,0.0,0.0,0.0,0.0,0.0
209,Laurent,BUR,3,3,4.8,a,,True,1399,False,0.0,0.0,1.32,1.26,1.29,2.54,0.0,1.27,1.3,1.17,1.35,1.32,5.68288
210,Tchaouna,BUR,3,3,4.9,a,,True,843,False,0.0,0.0,1.04,0.99,1.01,2.01,0.0,1.0,1.02,0.93,1.03,1.04,4.470427
211,A.Ramsey,BUR,3,3,4.4,a,,True,0,False,0.0,0.0,0.0,0.0,0.0,0.0,0.0,0.0,0.0,0.0,0.0,0.0,0.0
212,Adewumi,BUR,3,3,4.5,a,,True,0,False,0.0,0.0,0.0,0.0,0.0,0.0,0.0,0.0,0.0,0.0,0.0,0.0,0.0
213,Banel,BUR,3,3,4.5,a,,True,9,False,0.0,0.0,0.0,0.0,0.0,0.01,0.0,0.0,0.0,0.0,0.0,0.0,0.00512
214,Trésor,BUR,3,3,4.3,a,,True,19,False,0.0,0.0,0.0,0.0,0.0,0.0,0.0,0.0,0.0,0.0,0.0,0.0,0.0
215,Flemming,BUR,3,4,5.3,d,,True,1005,False,0.0,0.0,1.73,1.63,1.94,4.1,0.0,2.03,2.16,1.47,2.26,1.73,8.293668
216,Amdouni,BUR,3,4,4.8,a,,True,0,False,0.0,0.0,0.0,0.0,0.0,0.0,0.0,0.0,0.0,0.0,0.0,0.0,0.0
217,Foster,BUR,3,4,4.9,a,,True,1154,False,0.0,0.0,2.05,1.81,1.92,3.75,0.0,1.86,1.95,1.47,2.02,2.05,8.414647
218,Barnes,BUR,3,4,4.2,a,,True,23,False,0.0,0.0,0.82,0.8,0.81,1.62,0.0,0.81,0.82,0.78,0.82,0.82,3.58937
219,Obafemi,BUR,3,4,4.4,a,,True,0,False,0.0,0.0,0.0,0.0,0.0,0.0,0.0,0.0,0.0,0.0,0.0,0.0,0.0
220,Sánchez,CHE,7,1,4.8,d,,True,2344,True,0.0,0.0,1.71,1.87,1.92,4.35,0.0,2.45,2.08,2.47,2.38,1.71,8.92737
221,Jörgensen,CHE,7,1,4.3,a,,True,264,False,0.0,0.0,1.39,1.38,1.24,2.64,0.0,1.53,1.24,1.55,1.49,1.39,6.040728
222,Penders,CHE,7,1,4.0,a,,True,0,False,0.0,0.0,0.0,0.0,0.0,0.0,0.0,0.0,0.0,0.0,0.0,0.0,0.0
223,Slonina,CHE,7,1,3.9,a,,True,0,False,0.0,0.0,0.0,0.0,0.0,0.0,0.0,0.0,0.0,0.0,0.0,0.0,0.0
224,Cucurella,CHE,7,2,6.0,a,,True,1896,True,0.0,0.0,0.95,0.89,0.87,1.76,0.0,1.0,0.83,1.0,0.94,0.95,4.032601
225,James,CHE,7,2,5.6,a,,True,1802,True,0.0,0.0,3.41,3.15,2.81,5.96,0.0,3.82,2.6,3.84,3.49,3.41,14.104063
226,Chalobah,CHE,7,2,5.6,a,,True,2460,True,0.0,0.0,4.32,4.12,3.67,7.82,0.0,4.81,3.52,4.85,4.51,4.32,18.241299
227,Colwill,CHE,7,2,4.7,a,,True,0,True,0.0,0.0,0.0,0.0,0.0,0.0,0.0,0.0,0.0,0.0,0.0,0.0,0.0
228,Gusto,CHE,7,2,4.9,a,,True,1644,True,0.0,0.0,3.03,2.83,2.52,5.36,0.0,3.4,2.37,3.41,3.13,3.03,12.626769
229,B.Badiashile,CHE,7,2,4.4,d,,True,470,False,0.0,0.0,0.02,0.04,0.05,0.16,0.0,0.1,0.07,0.1,0.09,0.02,0.253109
230,Fofana,CHE,7,2,4.4,a,,True,1101,True,0.0,0.0,2.14,2.06,1.77,3.85,0.0,2.42,1.72,2.45,2.28,2.14,9.032196
231,M.Sarr,CHE,7,2,4.5,a,,True,91,False,0.0,0.0,1.11,1.03,0.93,1.96,0.0,1.24,0.87,1.24,1.13,1.11,4.616738
232,Tosin,CHE,7,2,4.0,a,,True,731,True,0.0,0.0,0.86,0.85,0.85,1.69,0.0,0.86,0.84,0.86,0.85,0.86,3.774247
233,Acheampong,CHE,7,2,3.7,d,,True,567,False,0.0,0.0,0.15,0.28,0.39,1.09,0.0,0.64,0.5,0.64,0.6,0.15,1.757348
234,Anselmino,CHE,7,2,4.0,a,,True,0,False,0.0,0.0,0.0,0.0,0.0,0.0,0.0,0.0,0.0,0.0,0.0,0.0,0.0
235,Palmer,CHE,7,3,10.6,a,,True,1236,True,0.0,0.0,6.08,5.12,5.39,10.35,0.0,6.32,4.57,6.23,5.4,6.08,24.406231
236,Neto,CHE,7,3,7.0,d,,True,2138,True,0.0,0.0,1.64,1.62,1.82,3.89,0.0,2.26,1.79,2.24,2.03,1.64,8.112614
237,Enzo,CHE,7,3,6.6,a,,True,2397,True,0.0,0.0,4.99,4.31,4.47,8.66,0.0,5.19,3.88,5.13,4.52,4.99,20.284667
238,Estêvão,CHE,7,3,6.4,d,,True,738,False,0.0,0.0,0.12,0.21,0.32,0.83,0.0,0.49,0.37,0.49,0.43,0.12,1.350219
239,Gittens,CHE,7,3,6.0,d,,True,486,False,0.0,0.0,0.02,0.03,0.05,0.13,0.0,0.07,0.06,0.07,0.06,0.02,0.205973
240,Nkunku,CHE,7,3,5.9,a,,True,0,True,0.0,0.0,0.0,0.0,0.0,0.0,0.0,0.0,0.0,0.0,0.0,0.0,0.0
241,Caicedo,CHE,7,3,5.7,a,,True,2044,True,0.0,0.0,4.1,3.89,3.88,7.73,0.0,4.22,3.69,4.21,4.0,4.1,17.557071
242,Dewsbury-Hall,EVE,9,3,5.1,a,,True,1828,False,0.0,0.0,2.95,4.0,3.82,3.84,4.38,3.95,3.79,4.43,4.04,2.95,16.249628
243,George,EVE,9,3,4.8,a,,True,244,False,0.0,0.0,0.76,0.82,0.81,0.81,0.84,0.82,0.81,0.85,0.83,0.76,3.491727
244,Lavia,CHE,7,3,4.9,a,,True,135,True,0.0,0.0,0.65,0.64,0.64,1.28,0.0,0.65,0.63,0.65,0.64,0.65,2.848792
245,Mudryk,CHE,7,3,4.9,a,,True,0,False,0.0,0.0,0.0,0.0,0.0,0.0,0.0,0.0,0.0,0.0,0.0,0.0,0.0
246,Andrey Santos,CHE,7,3,4.5,a,,True,964,False,0.0,0.0,2.02,1.88,1.88,3.74,0.0,2.08,1.77,2.08,1.95,2.02,8.551013
247,D.Essugo,CHE,7,3,4.3,a,,True,0,False,0.0,0.0,0.0,0.0,0.0,0.0,0.0,0.0,0.0,0.0,0.0,0.0,0.0
248,Paez,CHE,7,3,4.5,a,,True,0,False,0.0,0.0,0.0,0.0,0.0,0.0,0.0,0.0,0.0,0.0,0.0,0.0,0.0
249,João Pedro,CHE,7,4,7.7,a,,True,2140,True,0.0,0.0,5.58,4.74,5.06,9.65,0.0,5.71,4.33,5.63,4.93,5.58,22.56515
250,Delap,CHE,7,4,6.2,a,,True,727,True,0.0,0.0,1.26,1.2,1.22,2.41,0.0,1.27,1.17,1.26,1.21,1.26,5.424828
251,N.Jackson,CHE,7,4,6.5,a,,True,0,True,0.0,0.0,0.0,0.0,0.0,0.0,0.0,0.0,0.0,0.0,0.0,0.0,0.0
252,Marc Guiu,CHE,7,4,4.1,a,,True,247,False,0.0,0.0,0.0,0.0,0.0,0.0,0.0,0.0,0.0,0.0,0.0,0.0,0.0
253,Henderson,CRY,8,1,5.0,a,,True,2610,True,0.0,0.0,3.79,0.0,3.72,3.96,3.4,3.55,7.18,3.45,3.51,3.79,13.948816
254,Benitez,CRY,8,1,4.0,a,,True,0,False,0.0,0.0,0.0,0.0,0.0,0.0,0.0,0.0,0.0,0.0,0.0,0.0,0.0
255,Matthews,CRY,8,1,3.9,a,,True,0,False,0.0,0.0,0.0,0.0,0.0,0.0,0.0,0.0,0.0,0.0,0.0,0.0,0.0
256,Muñoz,CRY,8,2,5.9,a,,True,1779,True,0.0,0.0,2.92,0.0,2.83,3.26,2.17,2.55,4.95,2.35,2.18,2.92,10.280923
257,Lacroix,CRY,8,2,5.1,d,,True,2395,True,0.0,0.0,0.84,0.0,0.99,1.22,0.87,0.99,1.94,0.93,0.88,0.84,3.630229
258,Mitchell,CRY,8,2,5.0,a,,True,2578,True,0.0,0.0,3.61,0.0,3.47,3.96,2.7,3.1,6.11,2.87,2.9,3.61,12.67017
259,Sosa,CRY,8,2,4.8,a,,True,53,False,0.0,0.0,0.03,0.0,0.03,0.03,0.03,0.03,0.05,0.03,0.03,0.03,0.11111
260,Guéhi,MCI,13,2,5.2,a,,True,2430,True,0.0,0.0,4.43,0.0,3.31,8.66,0.0,4.14,8.65,4.03,4.7,4.43,16.240142
261,Richards,CRY,8,2,4.4,a,,True,2242,True,0.0,0.0,4.3,0.0,4.17,4.64,3.43,3.81,7.54,3.59,3.64,4.3,15.338003
262,Chadi Riad,CRY,8,2,4.0,a,,True,312,False,0.0,0.0,1.92,0.0,1.84,2.11,1.44,1.64,3.25,1.52,1.57,1.92,6.739277
263,Clyne,CRY,8,2,3.8,a,,True,494,False,0.0,0.0,1.47,0.0,1.41,1.63,1.06,1.25,2.45,1.15,1.12,1.47,5.122066
264,Holding,CRY,8,2,4.0,a,,True,0,False,0.0,0.0,0.0,0.0,0.0,0.0,0.0,0.0,0.0,0.0,0.0,0.0,0.0
265,Kporha,CRY,8,2,4.0,a,,True,0,False,0.0,0.0,0.0,0.0,0.0,0.0,0.0,0.0,0.0,0.0,0.0,0.0,0.0
266,Eze,ARS,1,3,7.2,a,,True,1404,True,0.0,0.0,4.25,0.0,4.54,3.63,4.39,4.31,4.43,5.43,3.83,4.25,15.167224
267,Sarr,CRY,8,3,6.3,a,,True,1636,True,0.0,0.0,5.25,0.0,5.19,5.93,4.02,4.78,9.14,4.46,3.54,5.25,18.745902
268,Doucouré,CRY,8,3,4.9,a,,True,0,False,0.0,0.0,0.0,0.0,0.0,0.0,0.0,0.0,0.0,0.0,0.0,0.0,0.0
269,Esse,CRY,8,3,4.7,a,,True,40,False,0.0,0.0,0.0,0.0,0.0,0.0,0.0,0.0,0.01,0.0,0.0,0.0,0.002621
270,Hughes,CRY,8,3,4.7,a,,True,1231,True,0.0,0.0,1.25,0.0,1.24,1.3,1.15,1.21,2.38,1.18,1.11,1.25,4.634327
271,Kamada,CRY,8,3,5.0,a,,True,1469,True,0.0,0.0,2.53,0.0,2.5,2.7,2.2,2.39,4.7,2.3,2.12,2.53,9.266774
272,Lerma,CRY,8,3,4.9,d,,True,1156,True,0.0,0.0,0.11,0.0,0.31,0.46,0.36,0.4,0.78,0.38,0.34,0.11,1.163655
273,Wharton,CRY,8,3,5.0,a,,True,2135,True,0.0,0.0,3.5,0.0,3.46,3.76,3.0,3.29,6.45,3.16,2.87,3.5,12.781422
274,Agbinone,CRY,8,3,4.3,a,,True,0,False,0.0,0.0,0.0,0.0,0.0,0.0,0.0,0.0,0.0,0.0,0.0,0.0,0.0
275,Ahamada,CRY,8,3,4.3,a,,True,0,False,0.0,0.0,0.0,0.0,0.0,0.0,0.0,0.0,0.0,0.0,0.0,0.0,0.0
276,Devenny,CRY,8,3,4.3,d,,True,593,False,0.0,0.0,0.02,0.0,0.06,0.09,0.07,0.08,0.15,0.07,0.06,0.02,0.223434
277,Ebiowei,CRY,8,3,4.5,a,,True,0,False,0.0,0.0,0.0,0.0,0.0,0.0,0.0,0.0,0.0,0.0,0.0,0.0,0.0
278,J.Rak-Sakyi,CRY,8,3,4.4,a,,True,0,False,0.0,0.0,0.0,0.0,0.0,0.0,0.0,0.0,0.0,0.0,0.0,0.0,0.0
279,M.França,CRY,8,3,4.5,a,,True,0,False,0.0,0.0,0.0,0.0,0.0,0.0,0.0,0.0,0.0,0.0,0.0,0.0,0.0
280,Ozoh,CRY,8,3,4.5,a,,True,0,False,0.0,0.0,0.0,0.0,0.0,0.0,0.0,0.0,0.0,0.0,0.0,0.0,0.0
281,Rodney,CRY,8,3,4.4,a,,True,3,False,0.0,0.0,0.0,0.0,0.0,0.0,0.0,0.0,0.01,0.0,0.0,0.0,0.002621
282,Umeh,CRY,8,3,4.5,a,,True,0,False,0.0,0.0,0.0,0.0,0.0,0.0,0.0,0.0,0.0,0.0,0.0,0.0,0.0
283,Mateta,CRY,8,4,7.5,d,,True,1904,True,0.0,0.0,0.05,0.0,0.15,0.23,0.16,0.19,0.36,0.18,0.14,0.05,0.547164
284,Nketiah,CRY,8,4,5.4,d,,True,414,True,0.0,0.0,0.0,0.0,0.0,0.0,0.0,0.0,0.0,0.0,0.0,0.0,0.0
285,Édouard,CRY,8,4,5.0,a,,True,2,False,0.0,0.0,0.0,0.0,0.0,0.0,0.0,0.0,0.0,0.0,0.0,0.0,0.0
286,Marsh,CRY,8,4,4.4,a,,True,0,False,0.0,0.0,0.0,0.0,0.0,0.0,0.0,0.0,0.0,0.0,0.0,0.0,0.0
287,Pickford,EVE,9,1,5.6,a,,True,2610,True,0.0,0.0,3.37,3.61,3.57,3.74,3.84,3.54,3.56,4.3,3.9,3.37,15.679851
288,Travers,EVE,9,1,4.3,a,,True,0,False,0.0,0.0,0.0,0.0,0.0,0.0,0.0,0.0,0.0,0.0,0.0,0.0,0.0
289,Tyrer,EVE,9,1,3.9,a,,True,0,False,0.0,0.0,0.0,0.0,0.0,0.0,0.0,0.0,0.0,0.0,0.0,0.0,0.0
290,Branthwaite,EVE,9,2,5.3,a,,True,490,True,0.0,0.0,2.2,2.63,2.55,2.85,3.03,2.5,2.54,3.71,3.11,2.2,11.421149
291,Tarkowski,EVE,9,2,5.7,a,,True,2610,True,0.0,0.0,3.43,4.05,3.93,4.26,4.53,3.9,3.92,5.26,4.57,3.43,17.397185
292,Mykolenko,EVE,9,2,4.9,a,,True,2149,True,0.0,0.0,1.8,2.17,2.09,2.37,2.52,2.05,2.09,3.13,2.6,1.8,9.431473
293,O'Brien,EVE,9,2,4.9,a,,True,2366,True,0.0,0.0,1.94,2.31,2.24,2.52,2.68,2.19,2.23,3.31,2.76,1.94,10.068977
294,Coleman,EVE,9,2,4.2,a,,True,11,False,0.0,0.0,0.0,0.0,0.0,0.0,0.0,0.0,0.0,0.0,0.0,0.0,0.0
295,Keane,EVE,9,2,4.6,a,,True,1955,True,0.0,0.0,1.32,1.5,1.47,1.55,1.63,1.46,1.46,1.8,1.62,1.32,6.432469
296,Patterson,EVE,9,2,4.4,d,,True,237,False,0.0,0.0,0.03,0.06,0.08,0.12,0.12,0.11,0.11,0.14,0.13,0.03,0.355843
297,Dixon,EVE,9,2,3.8,a,,True,0,False,0.0,0.0,0.0,0.0,0.0,0.0,0.0,0.0,0.0,0.0,0.0,0.0,0.0
298,Welch,EVE,9,2,3.8,a,,True,0,False,0.0,0.0,0.0,0.0,0.0,0.0,0.0,0.0,0.0,0.0,0.0,0.0,0.0
299,Ndiaye,EVE,9,3,6.2,a,,True,1973,True,0.0,0.0,3.33,4.33,4.16,4.18,4.7,4.28,4.12,4.76,4.37,3.33,17.735592
300,McNeil,EVE,9,3,5.5,a,,True,781,True,0.0,0.0,1.8,2.27,2.18,2.21,2.44,2.24,2.17,2.5,2.3,1.8,9.355164
301,Alcaraz,EVE,9,3,5.2,d,,True,667,True,0.0,0.0,0.01,0.02,0.03,0.03,0.04,0.03,0.03,0.04,0.03,0.01,0.10806
302,Gana,EVE,9,3,5.4,a,,True,1666,True,0.0,0.0,2.67,3.06,2.99,3.03,3.23,3.03,2.98,3.34,3.13,2.67,12.905603
303,Garner,EVE,9,3,5.2,a,,True,2603,True,0.0,0.0,3.56,4.15,4.05,4.09,4.39,4.11,4.03,4.48,4.21,3.56,17.413274
304,Iroegbunam,EVE,9,3,4.8,a,,True,1015,False,0.0,0.0,0.76,0.81,0.8,0.8,0.83,0.8,0.8,0.85,0.82,0.76,3.457258
305,Armstrong,EVE,9,3,4.5,d,,True,491,False,0.0,0.0,0.72,0.9,0.97,1.07,1.13,1.07,1.06,1.16,1.1,0.72,4.127797
306,Bates,EVE,9,3,4.3,a,,True,0,False,0.0,0.0,0.0,0.0,0.0,0.0,0.0,0.0,0.0,0.0,0.0,0.0,0.0
307,Ebere,EVE,9,3,4.4,a,,True,0,False,0.0,0.0,0.0,0.0,0.0,0.0,0.0,0.0,0.0,0.0,0.0,0.0,0.0
308,Heath,EVE,9,3,4.5,a,,True,0,False,0.0,0.0,0.0,0.0,0.0,0.0,0.0,0.0,0.0,0.0,0.0,0.0,0.0
309,Metcalfe,EVE,9,3,4.5,a,,True,0,False,0.0,0.0,0.0,0.0,0.0,0.0,0.0,0.0,0.0,0.0,0.0,0.0,0.0
310,Barry,EVE,9,4,5.7,a,,True,1599,False,0.0,0.0,1.61,1.98,1.92,1.91,2.1,1.97,1.91,2.07,1.97,1.61,8.171726
311,Beto,EVE,9,4,5.0,a,,True,1047,True,0.0,0.0,2.29,3.13,2.99,2.96,3.4,3.1,2.96,3.33,3.09,2.29,12.624282
312,Y.Chermiti,EVE,9,4,4.9,a,,True,0,False,0.0,0.0,0.0,0.0,0.0,0.0,0.0,0.0,0.0,0.0,0.0,0.0,0.0
313,Sherif,EVE,9,4,4.4,a,,True,0,False,0.0,0.0,0.0,0.0,0.0,0.0,0.0,0.0,0.0,0.0,0.0,0.0,0.0
314,Leno,FUL,10,1,4.9,a,,True,2610,True,0.0,0.0,3.46,3.97,3.09,3.14,3.62,3.02,3.5,3.78,3.42,3.46,14.977634
315,Benda,FUL,10,1,4.0,a,,True,0,False,0.0,0.0,0.0,0.0,0.0,0.0,0.0,0.0,0.0,0.0,0.0,0.0,0.0
316,Robinson,FUL,10,2,4.9,a,,True,891,True,0.0,0.0,1.54,2.07,1.18,1.27,1.68,1.04,1.63,1.76,1.56,1.54,6.688473
317,Andersen,FUL,10,2,4.5,d,,True,2291,True,0.0,0.0,0.27,0.73,0.61,0.87,1.19,0.73,1.14,1.25,1.08,0.27,3.158652
318,Bassey,FUL,10,2,4.4,a,,True,1722,True,0.0,0.0,3.02,3.95,2.37,2.51,3.28,2.13,3.17,3.45,3.03,3.02,13.08623
319,Castagne,FUL,10,2,4.3,a,,True,1126,True,0.0,0.0,0.93,1.07,0.83,0.85,0.96,0.8,0.95,0.99,0.93,0.93,4.020443
320,Diop,FUL,10,2,4.3,a,,True,592,True,0.0,0.0,1.75,2.28,1.33,1.39,1.92,1.24,1.8,2.07,1.71,1.75,7.522495
321,J.Cuenca,FUL,10,2,4.3,d,,True,931,False,0.0,0.0,0.51,0.66,0.56,0.62,0.72,0.59,0.7,0.74,0.68,0.51,2.654858
322,Tete,FUL,10,2,4.5,a,,True,1701,True,0.0,0.0,3.15,4.11,2.48,2.63,3.41,2.23,3.3,3.57,3.16,3.15,13.643141
323,Amissah,FUL,10,2,3.8,a,,True,0,False,0.0,0.0,0.0,0.0,0.0,0.0,0.0,0.0,0.0,0.0,0.0,0.0,0.0
324,Iwobi,FUL,10,3,6.4,a,,True,1952,True,0.0,0.0,3.67,4.65,3.24,3.46,3.84,2.83,3.97,3.75,3.86,3.67,16.210063
325,Smith Rowe,FUL,10,3,5.6,a,,True,1444,True,0.0,0.0,2.58,3.31,2.28,2.45,2.7,1.99,2.82,2.62,2.74,2.58,11.447999
326,Adama,WHU,19,3,5.1,a,,True,288,True,0.0,0.0,0.9,0.89,0.91,0.89,0.9,0.89,0.86,0.9,0.91,0.9,3.877215
327,Andreas,FUL,10,3,5.3,a,,True,0,True,0.0,0.0,0.0,0.0,0.0,0.0,0.0,0.0,0.0,0.0,0.0,0.0,0.0
328,Sessegnon,FUL,10,3,5.4,a,,True,1605,False,0.0,0.0,2.27,2.68,2.08,2.17,2.34,1.92,2.39,2.31,2.34,2.27,9.947403
329,Wilson,FUL,10,3,6.0,d,,True,2086,True,0.0,0.0,1.9,2.84,1.99,2.38,2.68,1.8,2.82,2.58,2.72,1.9,10.088364
330,Berge,FUL,10,3,4.9,a,,True,2422,True,0.0,0.0,2.79,3.18,2.6,2.67,2.87,2.47,2.89,2.88,2.84,2.79,12.18801
331,Cairney,FUL,10,3,4.8,a,,True,533,True,0.0,0.0,1.6,1.92,1.47,1.53,1.66,1.35,1.7,1.64,1.66,1.6,7.050544
332,Lukić,FUL,10,3,4.9,d,,True,1208,True,0.0,0.0,0.01,0.03,0.03,0.05,0.05,0.04,0.05,0.05,0.05,0.01,0.144369
333,Godo,FUL,10,3,4.5,a,,True,0,False,0.0,0.0,0.0,0.0,0.0,0.0,0.0,0.0,0.0,0.0,0.0,0.0,0.0
334,Harris,FUL,10,3,4.5,a,,True,0,False,0.0,0.0,0.0,0.0,0.0,0.0,0.0,0.0,0.0,0.0,0.0,0.0,0.0
335,King,FUL,10,3,4.4,a,,True,984,False,0.0,0.0,1.45,1.7,1.34,1.39,1.49,1.25,1.52,1.48,1.49,1.45,6.358002
336,Reed,FUL,10,3,4.3,a,,True,23,False,0.0,0.0,0.13,0.15,0.12,0.13,0.13,0.11,0.13,0.13,0.13,0.13,0.565805
337,Raúl,FUL,10,4,6.2,a,,True,1903,True,0.0,0.0,3.15,4.32,2.7,2.99,3.32,2.18,3.55,3.13,3.43,3.15,14.101573
338,Muniz,FUL,10,4,5.3,a,,True,465,True,0.0,0.0,1.58,1.98,1.42,1.52,1.63,1.23,1.71,1.57,1.67,1.58,6.979433
339,Meslier,LEE,11,1,4.1,a,,True,0,False,0.0,0.0,0.0,0.0,0.0,0.0,0.0,0.0,0.0,0.0,0.0,0.0,0.0
340,Cairns,LEE,11,1,3.9,a,,True,0,False,0.0,0.0,0.0,0.0,0.0,0.0,0.0,0.0,0.0,0.0,0.0,0.0,0.0
341,Darlow,LEE,11,1,3.9,a,,True,1170,False,0.0,0.0,2.89,3.13,2.81,6.79,0.0,3.71,3.24,3.22,3.13,2.89,13.934329
342,Bogle,LEE,11,2,4.4,a,,True,2268,False,0.0,0.0,2.38,2.92,2.16,6.6,0.0,4.13,3.02,3.05,2.97,2.38,12.760508
343,Struijk,LEE,11,2,4.3,a,,True,2258,False,0.0,0.0,2.9,3.4,2.69,7.51,0.0,4.53,3.5,3.52,3.46,2.9,14.907304
344,Bijol,LEE,11,2,3.9,a,,True,1126,False,0.0,0.0,1.08,1.15,1.05,2.37,0.0,1.31,1.15,1.16,1.16,1.08,5.054052
345,Bornauw,LEE,11,2,3.8,d,,True,304,False,0.0,0.0,0.05,0.1,0.14,0.42,0.0,0.22,0.2,0.2,0.2,0.05,0.634656
346,Byram,LEE,11,2,3.7,a,,True,7,False,0.0,0.0,0.0,0.0,0.0,0.0,0.0,0.0,0.0,0.0,0.0,0.0,0.0
347,Gudmundsson,LEE,11,2,3.8,a,,True,2318,False,0.0,0.0,2.33,2.79,2.14,6.22,0.0,3.79,2.88,2.9,2.83,2.33,12.196091
348,Rodon,LEE,11,2,3.9,a,,True,2366,False,0.0,0.0,3.03,3.53,2.83,7.83,0.0,4.63,3.66,3.67,3.57,3.03,15.519367
349,Schmidt,LEE,11,2,4.0,a,,True,0,False,0.0,0.0,0.0,0.0,0.0,0.0,0.0,0.0,0.0,0.0,0.0,0.0,0.0
350,Aaronson,LEE,11,3,5.4,a,,True,1862,False,0.0,0.0,3.37,3.71,3.21,7.6,0.0,4.64,3.59,3.68,3.83,3.37,16.159451
351,Gnonto,LEE,11,3,5.2,a,,True,377,False,0.0,0.0,0.71,0.74,0.7,1.47,0.0,0.8,0.72,0.73,0.74,0.71,3.230771
352,Harrison,LEE,11,3,5.1,a,,True,262,True,0.0,0.0,0.0,0.0,0.0,0.0,0.0,0.0,0.0,0.0,0.0,0.0,0.0
353,James,LEE,11,3,5.2,a,,True,398,False,0.0,0.0,0.89,0.91,0.87,1.83,0.0,0.99,0.9,0.91,0.92,0.89,4.017284
354,Ampadu,LEE,11,3,4.9,a,,True,2309,False,0.0,0.0,3.6,3.8,3.5,7.76,0.0,4.33,3.75,3.8,3.86,3.6,16.699533
355,Greenwood,LEE,11,3,4.9,a,,True,0,False,0.0,0.0,0.0,0.0,0.0,0.0,0.0,0.0,0.0,0.0,0.0,0.0,0.0
356,Gruev,LEE,11,3,4.7,a,,True,1245,False,0.0,0.0,2.47,2.63,2.4,5.42,0.0,3.05,2.61,2.64,2.68,2.47,11.571937
357,Ramazani,LEE,11,3,4.9,a,,True,0,False,0.0,0.0,0.0,0.0,0.0,0.0,0.0,0.0,0.0,0.0,0.0,0.0,0.0
358,Tanaka,LEE,11,3,4.8,d,,True,737,False,0.0,0.0,0.01,0.02,0.03,0.09,0.0,0.05,0.05,0.05,0.05,0.01,0.139646
359,Crew,LEE,11,3,4.5,a,,True,0,False,0.0,0.0,0.0,0.0,0.0,0.0,0.0,0.0,0.0,0.0,0.0,0.0,0.0
360,Gelhardt,LEE,11,3,4.5,a,,True,0,False,0.0,0.0,0.0,0.0,0.0,0.0,0.0,0.0,0.0,0.0,0.0,0.0,0.0
361,Gyabi,LEE,11,3,4.5,a,,True,0,False,0.0,0.0,0.0,0.0,0.0,0.0,0.0,0.0,0.0,0.0,0.0,0.0,0.0
362,Piroe,LEE,11,4,4.9,a,,True,215,False,0.0,0.0,0.72,0.73,0.71,1.46,0.0,0.76,0.72,0.73,0.73,0.72,3.219266
363,Bamford,LEE,11,4,4.9,a,,True,0,False,0.0,0.0,0.0,0.0,0.0,0.0,0.0,0.0,0.0,0.0,0.0,0.0,0.0
364,Mateo Joseph,LEE,11,4,5.0,a,,True,0,False,0.0,0.0,0.0,0.0,0.0,0.0,0.0,0.0,0.0,0.0,0.0,0.0,0.0
365,Nmecha,LEE,11,4,5.0,a,,True,753,False,0.0,0.0,2.02,2.25,1.9,4.53,0.0,2.89,2.12,2.21,2.35,2.02,9.715836
366,A.Becker,LIV,12,1,5.4,a,,True,2160,True,0.0,0.0,4.39,3.82,4.22,3.99,4.0,3.63,3.78,3.96,4.01,4.39,17.511701
367,Mamardashvili,LIV,12,1,4.1,d,,True,450,False,0.0,0.0,0.0,0.0,0.0,0.0,0.0,0.0,0.0,0.0,0.0,0.0,0.0
368,Pécsi,LIV,12,1,3.8,a,,True,0,False,0.0,0.0,0.0,0.0,0.0,0.0,0.0,0.0,0.0,0.0,0.0,0.0,0.0
369,Woodman,LIV,12,1,3.9,a,,True,0,False,0.0,0.0,0.0,0.0,0.0,0.0,0.0,0.0,0.0,0.0,0.0,0.0,0.0
370,Frimpong,LIV,12,2,5.7,a,,True,622,False,0.0,0.0,2.25,1.79,2.12,1.91,1.98,1.62,1.8,1.89,1.99,2.25,8.560657
371,Kerkez,LIV,12,2,5.6,a,,True,1951,True,0.0,0.0,3.59,2.77,3.36,3.01,3.06,2.45,2.72,2.97,3.07,3.59,13.404658
372,Robertson,LIV,12,2,5.7,a,,True,660,True,0.0,0.0,1.1,0.98,1.06,1.0,1.03,0.93,0.99,1.0,1.04,1.1,4.444751
373,Virgil,LIV,12,2,6.2,a,,True,2610,True,0.0,0.0,5.34,4.3,5.05,4.58,4.71,3.92,4.31,4.55,4.73,5.34,20.448289
374,Konaté,LIV,12,2,5.5,a,,True,2404,True,0.0,0.0,4.59,3.67,4.33,3.94,4.0,3.32,3.63,3.9,4.02,4.59,17.484694
375,Bradley,LIV,12,2,4.9,d,,True,928,True,0.0,0.0,0.01,0.02,0.03,0.04,0.04,0.03,0.03,0.04,0.04,0.01,0.114858
376,Gomez,LIV,12,2,4.9,a,,True,401,False,0.0,0.0,1.8,1.52,1.72,1.59,1.64,1.41,1.53,1.58,1.65,1.8,7.073907
377,Tsimikas,LIV,12,2,4.8,a,,True,0,True,0.0,0.0,0.0,0.0,0.0,0.0,0.0,0.0,0.0,0.0,0.0,0.0,0.0
378,Nallo,LIV,12,2,3.7,a,,True,0,False,0.0,0.0,0.0,0.0,0.0,0.0,0.0,0.0,0.0,0.0,0.0,0.0,0.0
379,R.Williams,LIV,12,2,3.7,a,,True,0,False,0.0,0.0,0.0,0.0,0.0,0.0,0.0,0.0,0.0,0.0,0.0,0.0,0.0
380,Ramsay,LIV,12,2,3.8,a,,True,0,False,0.0,0.0,0.0,0.0,0.0,0.0,0.0,0.0,0.0,0.0,0.0,0.0,0.0
381,M.Salah,LIV,12,3,14.0,a,,True,1792,True,0.0,0.0,5.95,4.89,5.66,4.95,5.53,4.55,5.27,5.04,5.59,5.95,23.151142
382,Wirtz,LIV,12,3,8.3,d,,True,1850,False,0.0,0.0,0.28,0.47,0.81,0.96,1.05,0.89,1.01,0.97,1.06,0.28,3.033663
383,Luis Díaz,LIV,12,3,8.0,a,,True,0,True,0.0,0.0,0.0,0.0,0.0,0.0,0.0,0.0,0.0,0.0,0.0,0.0,0.0
384,Gakpo,LIV,12,3,7.3,a,,True,1972,True,0.0,0.0,4.67,3.93,4.47,3.99,4.36,3.69,4.17,4.04,4.4,4.67,18.391263
385,Chiesa,LIV,12,3,6.3,a,,True,263,False,0.0,0.0,0.91,0.85,0.89,0.85,0.89,0.83,0.88,0.86,0.89,0.91,3.791677
386,Mac Allister,LIV,12,3,6.3,a,,True,1996,True,0.0,0.0,3.67,3.2,3.54,3.26,3.46,3.05,3.33,3.28,3.48,3.67,14.726012
387,Szoboszlai,LIV,12,3,6.9,a,,True,2422,True,0.0,0.0,4.24,3.65,4.08,3.7,3.98,3.45,3.83,3.73,4.02,4.24,16.886997
388,C.Jones,LIV,12,3,5.4,a,,True,1234,True,0.0,0.0,1.47,1.31,1.43,1.32,1.41,1.26,1.37,1.33,1.42,1.47,5.975748
389,Elliott,AVL,2,3,5.1,a,,True,110,False,0.0,0.0,0.03,0.04,0.04,0.04,0.04,0.04,0.04,0.04,0.03,0.03,0.161479
390,Gravenberch,LIV,12,3,5.5,a,,True,2338,True,0.0,0.0,2.74,2.45,2.66,2.48,2.61,2.35,2.52,2.5,2.62,2.74,11.135718
391,Gannon-Doak,BOU,4,3,4.8,a,,True,53,False,0.0,0.0,0.0,0.0,0.0,0.0,0.0,0.0,0.0,0.0,0.0,0.0,0.0
392,Endo,LIV,12,3,4.9,a,,True,170,False,0.0,0.0,0.28,0.26,0.27,0.26,0.27,0.25,0.26,0.26,0.27,0.28,1.154414
393,Bajcetic,LIV,12,3,4.2,a,,True,0,False,0.0,0.0,0.0,0.0,0.0,0.0,0.0,0.0,0.0,0.0,0.0,0.0,0.0
394,McConnell,LIV,12,3,4.4,a,,True,0,False,0.0,0.0,0.0,0.0,0.0,0.0,0.0,0.0,0.0,0.0,0.0,0.0,0.0
395,Morton,LIV,12,3,4.5,a,,True,0,False,0.0,0.0,0.0,0.0,0.0,0.0,0.0,0.0,0.0,0.0,0.0,0.0,0.0
396,Nyoni,LIV,12,3,4.3,a,,True,6,False,0.0,0.0,0.27,0.26,0.27,0.26,0.27,0.26,0.26,0.26,0.27,0.27,1.147691
397,Darwin,LIV,12,4,6.5,a,,True,0,True,0.0,0.0,0.0,0.0,0.0,0.0,0.0,0.0,0.0,0.0,0.0,0.0,0.0
398,Danns,LIV,12,4,4.3,a,,True,0,False,0.0,0.0,0.0,0.0,0.0,0.0,0.0,0.0,0.0,0.0,0.0,0.0,0.0
399,Ederson M.,MCI,13,1,5.3,a,,True,0,True,0.0,0.0,0.0,0.0,0.0,0.0,0.0,0.0,0.0,0.0,0.0,0.0,0.0
400,Ortega Moreno,NFO,16,1,4.7,d,,True,270,True,0.0,0.0,0.24,0.46,0.72,1.06,0.96,0.77,0.9,0.79,0.92,0.24,2.813005
401,Bettinelli,MCI,13,1,3.8,a,,True,0,False,0.0,0.0,0.0,0.0,0.0,0.0,0.0,0.0,0.0,0.0,0.0,0.0,0.0
402,Aït-Nouri,MCI,13,2,5.7,a,,True,719,True,0.0,0.0,4.12,0.0,3.01,8.01,0.0,3.82,8.02,3.72,4.38,4.12,15.016635
403,Gvardiol,MCI,13,2,5.9,d,,True,1301,True,0.0,0.0,0.0,0.0,0.0,0.01,0.0,0.01,0.01,0.01,0.01,0.0,0.014793
404,Akanji,MCI,13,2,5.4,a,,True,0,True,0.0,0.0,0.0,0.0,0.0,0.0,0.0,0.0,0.0,0.0,0.0,0.0,0.0
405,Aké,MCI,13,2,5.2,d,,True,487,True,0.0,0.0,0.27,0.0,0.31,0.72,0.0,0.35,0.71,0.35,0.36,0.27,1.271649
406,Khusanov,MCI,13,2,5.4,a,,True,797,False,0.0,0.0,0.99,0.0,0.87,1.98,0.0,0.97,1.96,0.95,1.03,0.99,3.764247
407,Matheus N.,MCI,13,2,5.4,a,,True,2174,True,0.0,0.0,3.82,0.0,2.84,7.5,0.0,3.6,7.47,3.47,4.07,3.82,14.026008
408,Rúben,MCI,13,2,5.5,a,,True,2049,True,0.0,0.0,2.76,0.0,2.07,5.56,0.0,2.68,5.45,2.53,3.0,2.76,10.272283
409,Stones,MCI,13,2,5.4,d,,True,351,False,0.0,0.0,0.0,0.0,0.0,0.0,0.0,0.0,0.0,0.0,0.0,0.0,0.0
410,Lewis,MCI,13,2,4.6,d,,True,311,True,0.0,0.0,0.01,0.0,0.03,0.1,0.0,0.05,0.1,0.05,0.05,0.01,0.141873
411,O'Reilly,MCI,13,2,5.1,d,,True,2040,False,0.0,0.0,1.8,0.0,1.57,4.65,0.0,2.21,4.67,2.15,2.55,1.8,8.012692
412,Vitor Reis,MCI,13,2,5.0,a,,True,0,False,0.0,0.0,0.0,0.0,0.0,0.0,0.0,0.0,0.0,0.0,0.0,0.0,0.0
413,Marmoush,MCI,13,3,8.3,d,,True,507,True,0.0,0.0,1.66,0.0,1.67,4.0,0.0,1.91,4.23,2.04,2.15,1.66,7.300067
414,Foden,MCI,13,3,8.1,a,,True,1792,True,0.0,0.0,2.51,0.0,2.09,4.6,0.0,2.21,4.82,2.33,2.46,2.51,9.091863
415,Savinho,MCI,13,3,6.9,a,,True,561,True,0.0,0.0,0.87,0.0,0.8,1.65,0.0,0.81,1.7,0.84,0.85,0.87,3.256633
416,Bernardo,MCI,13,3,6.2,a,,True,2168,True,0.0,0.0,3.08,0.0,2.66,5.82,0.0,2.82,5.98,2.9,3.07,3.08,11.377153
417,Cherki,MCI,13,3,6.4,a,,True,1267,False,0.0,0.0,4.52,0.0,3.69,8.12,0.0,3.88,8.61,4.15,4.38,4.52,16.172658
418,Doku,MCI,13,3,6.4,a,,True,1192,True,0.0,0.0,0.65,0.0,0.6,1.24,0.0,0.61,1.27,0.63,0.64,0.65,2.441182
419,Grealish,EVE,9,3,6.3,d,,True,1627,True,0.0,0.0,0.02,0.04,0.06,0.08,0.09,0.08,0.08,0.09,0.08,0.02,0.247706
420,Gündoğan,MCI,13,3,6.3,a,,True,0,True,0.0,0.0,0.0,0.0,0.0,0.0,0.0,0.0,0.0,0.0,0.0,0.0,0.0
421,Rodrigo,MCI,13,3,6.3,a,,True,1153,False,0.0,0.0,4.25,0.0,3.83,8.17,0.0,4.0,8.33,4.07,4.24,4.25,15.943514
422,Kovačić,MCI,13,3,5.8,a,,True,4,True,0.0,0.0,0.0,0.0,0.0,0.0,0.0,0.0,0.0,0.0,0.0,0.0,0.0
423,N.Gonzalez,MCI,13,3,5.9,d,,True,1370,True,0.0,0.0,0.03,0.0,0.1,0.27,0.0,0.14,0.28,0.14,0.14,0.03,0.404364
424,Bobb,FUL,10,3,5.1,a,,True,637,False,0.0,0.0,1.58,1.89,1.44,1.51,1.63,1.32,1.68,1.59,1.64,1.58,6.935901
425,Echeverri,MCI,13,3,5.4,a,,True,0,False,0.0,0.0,0.0,0.0,0.0,0.0,0.0,0.0,0.0,0.0,0.0,0.0,0.0
426,McAtee,NFO,16,3,5.0,a,,True,170,False,0.0,0.0,0.15,0.15,0.15,0.15,0.15,0.15,0.15,0.15,0.15,0.15,0.649337
427,Reijnders,MCI,13,3,5.0,d,,True,1473,False,0.0,0.0,0.51,0.0,0.55,1.27,0.0,0.62,1.32,0.65,0.66,0.51,2.308476
428,Nypan,MCI,13,3,5.0,a,,True,0,False,0.0,0.0,0.0,0.0,0.0,0.0,0.0,0.0,0.0,0.0,0.0,0.0,0.0
429,Phillips,MCI,13,3,4.7,a,,True,0,True,0.0,0.0,0.0,0.0,0.0,0.0,0.0,0.0,0.0,0.0,0.0,0.0,0.0
430,Haaland,MCI,13,4,14.6,a,,True,2323,True,0.0,0.0,5.12,0.0,4.08,8.9,0.0,4.22,9.64,4.64,4.86,5.12,17.986329
431,Bayindir,MUN,14,1,4.7,d,,True,540,False,0.0,0.0,0.0,0.0,0.0,0.0,0.0,0.0,0.0,0.0,0.0,0.0,0.0
432,Onana,MUN,14,1,4.9,a,,True,0,True,0.0,0.0,0.0,0.0,0.0,0.0,0.0,0.0,0.0,0.0,0.0,0.0,0.0
433,Harrison,MUN,14,1,4.0,a,,True,0,False,0.0,0.0,0.0,0.0,0.0,0.0,0.0,0.0,0.0,0.0,0.0,0.0,0.0
434,Heaton,MUN,14,1,3.9,a,,True,0,False,0.0,0.0,0.0,0.0,0.0,0.0,0.0,0.0,0.0,0.0,0.0,0.0,0.0
435,Mee,MUN,14,1,3.9,a,,True,0,False,0.0,0.0,0.0,0.0,0.0,0.0,0.0,0.0,0.0,0.0,0.0,0.0,0.0
436,De Ligt,MUN,14,2,4.9,d,,True,1170,True,0.0,0.0,0.0,0.0,0.0,0.0,0.0,0.0,0.0,0.0,0.0,0.0,0.0
437,Martinez,MUN,14,2,4.8,d,,True,904,True,0.0,0.0,0.2,0.33,0.57,0.53,0.72,0.68,0.78,0.84,0.64,0.2,2.105902
438,Mazraoui,MUN,14,2,4.9,a,,True,610,True,0.0,0.0,2.57,2.17,2.47,1.78,2.34,2.24,2.54,2.69,2.12,2.57,10.076284
439,D.Leon,MUN,14,2,4.2,a,,True,0,False,0.0,0.0,0.0,0.0,0.0,0.0,0.0,0.0,0.0,0.0,0.0,0.0,0.0
440,Dalot,MUN,14,2,4.6,a,,True,2049,True,0.0,0.0,3.02,2.61,2.96,2.18,2.8,2.63,2.93,3.17,2.51,3.02,11.981226
441,Dorgu,MUN,14,2,4.2,d,,True,1329,True,0.0,0.0,0.04,0.07,0.13,0.12,0.16,0.15,0.17,0.19,0.14,0.04,0.463226
442,Maguire,MUN,14,2,4.4,a,,True,1032,True,0.0,0.0,4.01,3.38,3.88,2.74,3.66,3.46,3.93,4.22,3.28,4.01,15.698506
443,Shaw,MUN,14,2,4.5,a,,True,2437,False,0.0,0.0,2.79,2.32,2.67,1.89,2.52,2.43,2.77,2.92,2.29,2.79,10.87364
444,Yoro,MUN,14,2,4.1,a,,True,1426,True,0.0,0.0,3.15,2.65,3.03,2.17,2.86,2.74,3.11,3.3,2.59,3.15,12.331397
445,Amass,MUN,14,2,4.0,a,,True,0,False,0.0,0.0,0.0,0.0,0.0,0.0,0.0,0.0,0.0,0.0,0.0,0.0,0.0
446,Fredricson,MUN,14,2,3.7,a,,True,2,False,0.0,0.0,0.0,0.0,0.0,0.0,0.0,0.0,0.0,0.0,0.0,0.0,0.0
447,Heaven,MUN,14,2,3.7,d,,True,642,False,0.0,0.0,0.33,0.36,0.4,0.42,0.43,0.43,0.44,0.44,0.43,0.33,1.68583
448,Malacia,MUN,14,2,3.8,a,,True,7,False,0.0,0.0,0.41,0.41,0.41,0.41,0.41,0.41,0.41,0.41,0.41,0.41,1.774854
449,B.Fernandes,MUN,14,3,10.1,a,,True,2255,True,0.0,0.0,6.66,6.3,6.9,5.57,6.58,5.88,6.14,7.06,5.79,6.66,27.651321
450,Cunha,MUN,14,3,8.0,a,,True,1897,True,0.0,0.0,4.84,4.58,4.97,4.1,4.77,4.33,4.52,5.1,4.27,4.84,20.127472
451,Rashford,MUN,14,3,7.0,a,,True,0,True,0.0,0.0,0.0,0.0,0.0,0.0,0.0,0.0,0.0,0.0,0.0,0.0,0.0
452,Amad,MUN,14,3,6.2,a,,True,1736,True,0.0,0.0,2.07,1.99,2.12,1.83,2.05,1.9,1.95,2.16,1.88,2.07,8.697609
453,Garnacho,CHE,7,3,6.4,a,,True,983,True,0.0,0.0,2.39,2.1,2.17,4.22,0.0,2.47,1.92,2.44,2.19,2.39,9.811252
454,Antony,MUN,14,3,5.9,a,,True,0,False,0.0,0.0,0.0,0.0,0.0,0.0,0.0,0.0,0.0,0.0,0.0,0.0,0.0
455,Mount,MUN,14,3,5.9,d,,True,812,True,0.0,0.0,0.01,0.01,0.02,0.02,0.02,0.02,0.02,0.02,0.02,0.01,0.068578
456,Sancho,AVL,2,3,5.8,a,,True,686,True,0.0,0.0,1.45,1.79,1.57,1.65,1.52,1.67,1.77,1.51,1.46,1.45,6.92703
457,Casemiro,MUN,14,3,5.6,a,,True,1964,True,0.0,0.0,4.46,4.24,4.54,3.88,4.39,4.08,4.24,4.65,4.02,4.46,18.640349
458,Mainoo,MUN,14,3,4.6,a,,True,933,True,0.0,0.0,2.96,2.82,2.95,2.66,2.89,2.79,2.9,3.03,2.76,2.96,12.422597
459,Ugarte,MUN,14,3,4.7,a,,True,777,True,0.0,0.0,0.54,0.54,0.55,0.52,0.54,0.53,0.53,0.55,0.53,0.54,2.328293
460,Collyer,MUN,14,3,4.5,a,,True,0,False,0.0,0.0,0.0,0.0,0.0,0.0,0.0,0.0,0.0,0.0,0.0,0.0,0.0
461,Fitzgerald,MUN,14,3,4.3,a,,True,0,False,0.0,0.0,0.0,0.0,0.0,0.0,0.0,0.0,0.0,0.0,0.0,0.0,0.0
462,J.Fletcher,MUN,14,3,4.3,a,,True,107,False,0.0,0.0,0.0,0.0,0.0,0.0,0.0,0.0,0.0,0.0,0.0,0.0,0.0
463,Kone,MUN,14,3,4.3,a,,True,0,False,0.0,0.0,0.0,0.0,0.0,0.0,0.0,0.0,0.0,0.0,0.0,0.0,0.0
464,Moorhouse,MUN,14,3,4.5,a,,True,0,False,0.0,0.0,0.0,0.0,0.0,0.0,0.0,0.0,0.0,0.0,0.0,0.0,0.0
465,Højlund,MUN,14,4,6.3,a,,True,0,True,0.0,0.0,0.0,0.0,0.0,0.0,0.0,0.0,0.0,0.0,0.0,0.0,0.0
466,Zirkzee,MUN,14,4,5.8,a,,True,509,True,0.0,0.0,0.97,0.96,0.99,0.93,0.97,0.94,0.95,0.99,0.94,0.97,4.167452
467,Obi,MUN,14,4,4.2,a,,True,0,False,0.0,0.0,0.0,0.0,0.0,0.0,0.0,0.0,0.0,0.0,0.0,0.0,0.0
468,Wheatley,MUN,14,4,4.5,a,,True,0,False,0.0,0.0,0.0,0.0,0.0,0.0,0.0,0.0,0.0,0.0,0.0,0.0,0.0
469,Pope,NEW,15,1,5.1,d,,True,1966,True,0.0,0.0,1.42,2.0,1.81,2.18,1.9,2.16,2.15,2.27,2.08,1.42,8.169218
470,Dúbravka,BUR,3,1,4.0,a,,True,2610,True,0.0,0.0,3.04,2.89,3.01,5.72,0.0,2.83,3.14,2.62,3.56,3.04,13.104229
471,Gillespie,NEW,15,1,3.9,a,,True,0,False,0.0,0.0,0.0,0.0,0.0,0.0,0.0,0.0,0.0,0.0,0.0,0.0,0.0
472,Odysseas,NEW,15,1,4.0,a,,True,0,False,0.0,0.0,0.0,0.0,0.0,0.0,0.0,0.0,0.0,0.0,0.0,0.0,0.0
473,Hall,NEW,15,2,5.3,a,,True,1569,True,0.0,0.0,2.51,4.15,2.88,3.65,2.4,3.52,3.45,4.01,3.21,2.51,13.962377
474,Schär,NEW,15,2,5.2,d,,True,1089,True,0.0,0.0,0.01,0.02,0.02,0.03,0.02,0.03,0.03,0.04,0.03,0.01,0.093468
475,Botman,NEW,15,2,4.9,a,,True,1061,False,0.0,0.0,0.83,1.14,0.9,1.05,0.79,1.02,1.01,1.12,0.96,0.83,4.174125
476,Burn,NEW,15,2,5.0,a,,True,1708,True,0.0,0.0,2.17,3.68,2.52,3.16,2.2,3.09,3.04,3.44,2.84,2.17,12.253182
477,Livramento,NEW,15,2,4.9,d,,True,1048,True,0.0,0.0,0.0,0.01,0.01,0.01,0.01,0.01,0.01,0.01,0.01,0.0,0.033289
478,Trippier,NEW,15,2,4.9,a,,True,1392,True,0.0,0.0,2.02,3.71,2.4,3.14,2.0,3.05,2.99,3.48,2.76,2.02,11.926975
479,Krafth,NEW,15,2,4.3,a,,True,45,False,0.0,0.0,0.0,0.0,0.0,0.0,0.0,0.0,0.0,0.0,0.0,0.0,0.0
480,Lascelles,NEW,15,2,4.3,a,,True,19,False,0.0,0.0,0.0,0.0,0.0,0.0,0.0,0.0,0.0,0.0,0.0,0.0,0.0
481,A.Murphy,NEW,15,2,3.8,a,,True,1,False,0.0,0.0,0.03,0.03,0.03,0.03,0.03,0.03,0.03,0.03,0.03,0.03,0.129867
482,Ashby,NEW,15,2,3.9,a,,True,0,False,0.0,0.0,0.0,0.0,0.0,0.0,0.0,0.0,0.0,0.0,0.0,0.0,0.0
483,Pivas,NEW,15,2,3.8,a,,True,0,False,0.0,0.0,0.0,0.0,0.0,0.0,0.0,0.0,0.0,0.0,0.0,0.0,0.0
484,Targett,NEW,15,2,4.0,a,,True,0,False,0.0,0.0,0.0,0.0,0.0,0.0,0.0,0.0,0.0,0.0,0.0,0.0,0.0
485,Gordon,NEW,15,3,7.2,a,,True,1550,True,0.0,0.0,3.73,4.66,3.9,4.77,2.89,4.37,4.24,5.26,4.0,3.73,17.897627
486,Elanga,NEW,15,3,6.5,a,,True,1131,True,0.0,0.0,2.5,2.95,2.58,2.96,2.16,2.8,2.74,3.18,2.64,2.5,11.657047
487,Barnes,NEW,15,3,6.1,a,,True,1483,True,0.0,0.0,2.39,2.86,2.48,2.97,1.86,2.72,2.65,3.24,2.51,2.39,11.234253
488,Bruno G.,NEW,15,3,6.8,d,,True,2019,True,0.0,0.0,0.15,0.38,0.48,0.77,0.49,0.71,0.69,0.84,0.66,0.15,2.056567
489,J.Murphy,NEW,15,3,5.9,a,,True,1134,True,0.0,0.0,1.26,1.37,1.28,1.41,1.12,1.34,1.32,1.48,1.29,1.26,5.667798
490,Joelinton,NEW,15,3,5.9,a,,True,1574,True,0.0,0.0,2.06,2.44,2.13,2.43,1.8,2.31,2.27,2.6,2.18,2.06,9.619651
491,Tonali,NEW,15,3,5.3,a,,True,2037,True,0.0,0.0,2.8,3.25,2.88,3.22,2.53,3.09,3.04,3.4,2.94,2.8,12.943859
492,Antoñito C.,NEW,15,3,4.9,a,,True,0,False,0.0,0.0,0.0,0.0,0.0,0.0,0.0,0.0,0.0,0.0,0.0,0.0,0.0
493,Longstaff,LEE,11,3,4.8,d,,True,943,True,0.0,0.0,0.09,0.18,0.26,0.72,0.0,0.38,0.36,0.36,0.36,0.09,1.123826
494,Willock,NEW,15,3,5.0,a,,True,592,True,0.0,0.0,1.26,1.43,1.29,1.45,1.09,1.37,1.35,1.55,1.31,1.26,5.76612
495,Hayden,NEW,15,3,4.5,a,,True,0,False,0.0,0.0,0.0,0.0,0.0,0.0,0.0,0.0,0.0,0.0,0.0,0.0,0.0
496,Kuol,NEW,15,3,4.4,a,,True,0,False,0.0,0.0,0.0,0.0,0.0,0.0,0.0,0.0,0.0,0.0,0.0,0.0,0.0
497,L.Miley,NEW,15,3,4.4,d,,True,1133,False,0.0,0.0,0.03,0.06,0.08,0.13,0.09,0.12,0.12,0.14,0.12,0.03,0.352896
498,White,NEW,15,3,4.5,a,,True,0,False,0.0,0.0,0.0,0.0,0.0,0.0,0.0,0.0,0.0,0.0,0.0,0.0,0.0
499,Isak,LIV,12,4,10.3,d,,True,501,True,0.0,0.0,0.0,0.0,0.0,0.0,0.0,0.0,0.0,0.0,0.0,0.0,0.0
500,Osula,NEW,15,4,5.4,a,,True,267,False,0.0,0.0,1.07,1.11,1.08,1.12,1.02,1.1,1.09,1.14,1.08,1.07,4.706886
501,Neave,NEW,15,4,4.3,a,,True,0,False,0.0,0.0,0.0,0.0,0.0,0.0,0.0,0.0,0.0,0.0,0.0,0.0,0.0
502,Sels,NFO,16,1,4.6,a,,True,1857,True,0.0,0.0,2.5,2.43,2.51,2.76,2.51,2.13,2.39,2.17,2.44,2.5,10.680545
503,C.Miguel,NFO,16,1,4.0,a,,True,0,False,0.0,0.0,0.0,0.0,0.0,0.0,0.0,0.0,0.0,0.0,0.0,0.0,0.0
504,Turner,NFO,16,1,4.0,a,,True,0,False,0.0,0.0,0.0,0.0,0.0,0.0,0.0,0.0,0.0,0.0,0.0,0.0,0.0
505,Milenković,NFO,16,2,5.1,a,,True,2610,True,0.0,0.0,3.41,3.21,3.44,4.11,3.41,2.21,3.14,2.4,3.28,3.41,14.28157
506,Murillo,NFO,16,2,5.2,a,,True,1819,True,0.0,0.0,3.2,3.02,3.23,3.84,3.19,2.14,2.97,2.3,3.09,3.2,13.436468
507,Aina,NFO,16,2,4.7,a,,True,1139,True,0.0,0.0,3.36,3.14,3.39,4.13,3.34,2.12,3.09,2.3,3.24,3.36,14.054857
508,N.Williams,NFO,16,2,4.7,a,,True,2438,True,0.0,0.0,2.92,2.73,2.95,3.65,2.85,1.99,2.77,2.09,2.9,2.92,12.331226
509,David Carmo,NFO,16,2,4.5,a,,True,0,False,0.0,0.0,0.0,0.0,0.0,0.0,0.0,0.0,0.0,0.0,0.0,0.0,0.0
510,Jair Cunha,NFO,16,2,4.2,a,,True,214,False,0.0,0.0,1.5,1.41,1.51,1.8,1.49,1.0,1.39,1.08,1.45,1.5,6.288126
511,Morato,NFO,16,2,4.3,a,,True,938,True,0.0,0.0,0.84,0.81,0.85,0.95,0.84,0.67,0.81,0.7,0.83,0.84,3.580398
512,O.Richards,NFO,16,2,4.5,a,,True,0,False,0.0,0.0,0.0,0.0,0.0,0.0,0.0,0.0,0.0,0.0,0.0,0.0,0.0
513,Abbott,NFO,16,2,3.8,a,,True,120,False,0.0,0.0,0.15,0.14,0.15,0.18,0.15,0.09,0.13,0.1,0.14,0.15,0.61963
514,Boly,NFO,16,2,3.8,a,,True,0,False,0.0,0.0,0.0,0.0,0.0,0.0,0.0,0.0,0.0,0.0,0.0,0.0,0.0
515,Gibbs-White,NFO,16,3,7.3,a,,True,2477,True,0.0,0.0,4.34,4.09,4.34,5.51,4.06,3.68,4.41,3.6,4.56,4.34,18.755629
516,Hudson-Odoi,NFO,16,3,5.7,a,,True,1634,True,0.0,0.0,2.55,2.45,2.55,3.03,2.44,2.26,2.57,2.24,2.63,2.55,11.018054
517,Anderson,NFO,16,3,5.5,a,,True,2596,True,0.0,0.0,4.58,4.45,4.59,5.21,4.45,4.17,4.6,4.15,4.68,4.58,19.79562
518,Jota,NFO,16,3,5.4,a,,True,11,True,0.0,0.0,0.0,0.0,0.0,0.0,0.0,0.0,0.0,0.0,0.0,0.0,0.0
519,Dominguez,NFO,16,3,5.0,a,,True,886,True,0.0,0.0,1.46,1.42,1.47,1.67,1.42,1.31,1.46,1.31,1.49,1.46,6.31017
520,O'Brien,NFO,16,3,5.0,a,,True,0,False,0.0,0.0,0.0,0.0,0.0,0.0,0.0,0.0,0.0,0.0,0.0,0.0,0.0
521,Sangaré,NFO,16,3,4.9,a,,True,1584,False,0.0,0.0,3.5,3.39,3.51,4.02,3.4,3.15,3.5,3.13,3.57,3.5,15.114331
522,Yates,NFO,16,3,4.7,a,,True,368,True,0.0,0.0,0.5,0.5,0.5,0.51,0.49,0.49,0.5,0.49,0.5,0.5,2.160106
523,Da Silva Moreira,NFO,16,3,4.5,a,,True,0,False,0.0,0.0,0.0,0.0,0.0,0.0,0.0,0.0,0.0,0.0,0.0,0.0,0.0
524,Stamenic,NFO,16,3,4.5,a,,True,0,False,0.0,0.0,0.0,0.0,0.0,0.0,0.0,0.0,0.0,0.0,0.0,0.0,0.0
525,Wood,NFO,16,4,7.1,d,,True,538,True,0.0,0.0,0.0,0.0,0.0,0.0,0.0,0.0,0.0,0.0,0.0,0.0,0.0
526,Igor Jesus,NFO,16,4,5.8,a,,True,1662,False,0.0,0.0,3.08,2.95,3.08,3.69,2.92,2.8,3.15,2.74,3.23,3.08,13.356293
527,Awoniyi,NFO,16,4,5.2,a,,True,222,False,0.0,0.0,0.83,0.81,0.83,0.92,0.81,0.79,0.84,0.78,0.85,0.83,3.597268
528,Patterson,SUN,17,1,4.2,a,,True,0,False,0.0,0.0,0.0,0.0,0.0,0.0,0.0,0.0,0.0,0.0,0.0,0.0,0.0
529,Moore,SUN,17,1,3.9,a,,True,0,False,0.0,0.0,0.0,0.0,0.0,0.0,0.0,0.0,0.0,0.0,0.0,0.0,0.0
530,Nna Noukeu,SUN,17,1,3.9,a,,True,0,False,0.0,0.0,0.0,0.0,0.0,0.0,0.0,0.0,0.0,0.0,0.0,0.0,0.0
531,Ballard,SUN,17,2,4.7,a,,True,1941,False,0.0,0.0,4.97,4.36,5.51,4.64,5.48,5.36,4.54,4.67,4.4,4.97,21.268754
532,Hume,SUN,17,2,4.5,a,,True,2399,False,0.0,0.0,3.17,2.61,3.65,2.91,3.62,3.59,2.8,2.95,2.64,3.17,13.538625
533,Alese,SUN,17,2,4.0,a,,True,0,False,0.0,0.0,0.0,0.0,0.0,0.0,0.0,0.0,0.0,0.0,0.0,0.0,0.0
534,Anderson,SUN,17,2,3.8,a,,True,0,False,0.0,0.0,0.0,0.0,0.0,0.0,0.0,0.0,0.0,0.0,0.0,0.0,0.0
535,Cirkin,SUN,17,2,4.0,d,,True,296,False,0.0,0.0,0.01,0.02,0.03,0.04,0.04,0.04,0.04,0.04,0.04,0.01,0.120756
536,Hjelde,SUN,17,2,4.0,a,,True,0,False,0.0,0.0,0.0,0.0,0.0,0.0,0.0,0.0,0.0,0.0,0.0,0.0,0.0
537,Huggins,SUN,17,2,4.0,a,,True,0,False,0.0,0.0,0.0,0.0,0.0,0.0,0.0,0.0,0.0,0.0,0.0,0.0,0.0
538,Johnson,SUN,17,2,3.8,a,,True,0,False,0.0,0.0,0.0,0.0,0.0,0.0,0.0,0.0,0.0,0.0,0.0,0.0,0.0
539,O'Nien,SUN,17,2,4.0,a,,True,112,False,0.0,0.0,1.0,0.79,1.18,0.92,1.16,1.19,0.87,0.94,0.79,1.0,4.281053
540,Pembele,SUN,17,2,3.9,a,,True,0,False,0.0,0.0,0.0,0.0,0.0,0.0,0.0,0.0,0.0,0.0,0.0,0.0,0.0
541,Reinildo,SUN,17,2,3.8,d,,True,1427,False,0.0,0.0,0.13,0.21,0.46,0.48,0.6,0.6,0.46,0.49,0.43,0.13,1.576017
542,Seelt,SUN,17,2,4.0,a,,True,133,False,0.0,0.0,0.0,0.0,0.0,0.0,0.0,0.0,0.0,0.0,0.0,0.0,0.0
543,Adingra,SUN,17,3,4.9,d,,True,649,True,0.0,0.0,0.01,0.01,0.02,0.02,0.03,0.02,0.02,0.02,0.02,0.01,0.072674
544,Diarra,SUN,17,3,5.3,a,,True,925,False,0.0,0.0,3.27,3.07,3.51,3.05,3.53,3.27,3.07,3.02,3.13,3.27,14.01465
545,Roberts,SUN,17,3,5.4,a,,True,27,False,0.0,0.0,0.0,0.0,0.0,0.0,0.0,0.0,0.0,0.0,0.0,0.0,0.0
546,Aleksić,SUN,17,3,4.9,a,,True,0,False,0.0,0.0,0.0,0.0,0.0,0.0,0.0,0.0,0.0,0.0,0.0,0.0,0.0
547,E.Le Fée,SUN,17,3,5.0,a,,True,2295,False,0.0,0.0,4.16,3.94,4.41,3.91,4.45,4.15,3.94,3.88,4.0,4.16,17.836543
548,Mundle,SUN,17,3,4.9,d,,True,399,False,0.0,0.0,0.12,0.24,0.38,0.47,0.52,0.48,0.47,0.47,0.48,0.12,1.468423
549,Neil,SUN,17,3,4.8,a,,True,13,False,0.0,0.0,0.01,0.01,0.01,0.01,0.01,0.01,0.01,0.01,0.01,0.01,0.043289
550,Poveda,SUN,17,3,4.8,a,,True,0,False,0.0,0.0,0.0,0.0,0.0,0.0,0.0,0.0,0.0,0.0,0.0,0.0,0.0
551,Rigg,SUN,17,3,4.7,a,,True,376,False,0.0,0.0,0.42,0.42,0.42,0.42,0.42,0.42,0.42,0.42,0.42,0.42,1.818143
552,Sadiki,SUN,17,3,4.9,a,,True,2114,False,0.0,0.0,2.39,2.29,2.5,2.33,2.49,2.46,2.31,2.33,2.3,2.39,10.321022
553,Talbi,SUN,17,3,4.9,d,,True,1146,False,0.0,0.0,0.87,0.93,1.12,1.11,1.23,1.17,1.12,1.11,1.12,0.87,4.500604
554,Ba,SUN,17,3,4.3,a,,True,0,False,0.0,0.0,0.0,0.0,0.0,0.0,0.0,0.0,0.0,0.0,0.0,0.0,0.0
555,Browne,SUN,17,3,4.5,a,,True,0,False,0.0,0.0,0.0,0.0,0.0,0.0,0.0,0.0,0.0,0.0,0.0,0.0,0.0
556,Ekwah,SUN,17,3,4.5,a,,True,0,False,0.0,0.0,0.0,0.0,0.0,0.0,0.0,0.0,0.0,0.0,0.0,0.0,0.0
557,H.Jones,SUN,17,3,4.3,a,,True,0,False,0.0,0.0,0.0,0.0,0.0,0.0,0.0,0.0,0.0,0.0,0.0,0.0,0.0
558,Matete,SUN,17,3,4.3,a,,True,0,False,0.0,0.0,0.0,0.0,0.0,0.0,0.0,0.0,0.0,0.0,0.0,0.0,0.0
559,Triantis,SUN,17,3,4.4,a,,True,0,False,0.0,0.0,0.0,0.0,0.0,0.0,0.0,0.0,0.0,0.0,0.0,0.0,0.0
560,Isidor,SUN,17,4,5.1,a,,True,1056,False,0.0,0.0,1.35,1.32,1.39,1.3,1.4,1.33,1.31,1.29,1.34,1.35,5.80921
561,Mayenda,SUN,17,4,5.2,a,,True,737,False,0.0,0.0,2.03,1.96,2.13,1.91,2.15,1.98,1.94,1.89,1.99,2.03,8.707354
562,Abdullahi,SUN,17,4,4.2,a,,True,0,False,0.0,0.0,0.0,0.0,0.0,0.0,0.0,0.0,0.0,0.0,0.0,0.0,0.0
563,Luís Hemir,SUN,17,4,4.4,a,,True,0,False,0.0,0.0,0.0,0.0,0.0,0.0,0.0,0.0,0.0,0.0,0.0,0.0,0.0
564,Rusyn,SUN,17,4,4.4,a,,True,0,False,0.0,0.0,0.0,0.0,0.0,0.0,0.0,0.0,0.0,0.0,0.0,0.0,0.0
565,Vicario,TOT,18,1,4.7,a,,True,2610,True,0.0,0.0,3.1,3.75,3.63,3.49,3.79,3.37,3.52,2.99,3.67,3.1,15.032265
566,Austin,TOT,18,1,3.9,a,,True,0,False,0.0,0.0,0.0,0.0,0.0,0.0,0.0,0.0,0.0,0.0,0.0,0.0,0.0
567,Kinsky,TOT,18,1,3.9,a,,True,0,False,0.0,0.0,0.0,0.0,0.0,0.0,0.0,0.0,0.0,0.0,0.0,0.0,0.0
568,Pedro Porro,TOT,18,2,5.1,a,,True,1983,True,0.0,0.0,1.51,2.39,2.18,2.08,2.36,1.89,2.15,1.36,2.26,1.51,8.696119
569,Romero,TOT,18,2,5.0,d,,True,1710,True,0.0,0.0,0.05,0.14,0.19,0.25,0.26,0.23,0.26,0.19,0.26,0.05,0.745086
570,Danso,TOT,18,2,4.2,a,,True,749,True,0.0,0.0,1.08,1.56,1.48,1.39,1.58,1.3,1.41,0.97,1.51,1.08,5.886415
571,Davies,TOT,18,2,4.3,d,,True,136,True,0.0,0.0,0.01,0.01,0.02,0.02,0.03,0.02,0.02,0.02,0.03,0.01,0.074352
572,Dragusin,TOT,18,2,4.5,d,,True,423,True,0.0,0.0,0.93,1.5,1.56,1.6,1.83,1.49,1.62,1.1,1.74,0.93,6.132695
573,Spence,TOT,18,2,4.2,d,,True,1686,True,0.0,0.0,0.15,0.46,0.63,0.8,0.91,0.73,0.82,0.52,0.87,0.15,2.412714
574,Udogie,TOT,18,2,4.3,d,,True,794,True,0.0,0.0,0.03,0.09,0.12,0.16,0.17,0.15,0.16,0.13,0.17,0.03,0.477231
575,Van de Ven,TOT,18,2,4.4,a,,True,2366,True,0.0,0.0,1.9,2.78,2.53,2.47,2.69,2.27,2.57,1.8,2.63,1.9,10.345936
576,Phillips,TOT,18,2,4.0,a,,True,0,False,0.0,0.0,0.0,0.0,0.0,0.0,0.0,0.0,0.0,0.0,0.0,0.0,0.0
577,Takai,TOT,18,2,4.0,a,,True,0,False,0.0,0.0,0.0,0.0,0.0,0.0,0.0,0.0,0.0,0.0,0.0,0.0,0.0
578,Vuskovic,TOT,18,2,3.9,a,,True,0,False,0.0,0.0,0.0,0.0,0.0,0.0,0.0,0.0,0.0,0.0,0.0,0.0,0.0
579,Son,TOT,18,3,8.5,a,,True,0,True,0.0,0.0,0.0,0.0,0.0,0.0,0.0,0.0,0.0,0.0,0.0,0.0,0.0
580,Johnson,CRY,8,3,6.5,a,,True,1145,True,0.0,0.0,1.72,0.0,1.71,1.88,1.45,1.62,3.14,1.55,1.33,1.72,6.273049
581,Maddison,TOT,18,3,6.8,a,,True,0,True,0.0,0.0,0.0,0.0,0.0,0.0,0.0,0.0,0.0,0.0,0.0,0.0,0.0
582,Kudus,TOT,18,3,6.4,d,,True,1535,True,0.0,0.0,0.0,0.0,0.0,0.01,0.01,0.01,0.01,0.0,0.01,0.0,0.016792
583,Kulusevski,TOT,18,3,6.4,a,,True,0,True,0.0,0.0,0.0,0.0,0.0,0.0,0.0,0.0,0.0,0.0,0.0,0.0,0.0
584,Tel,TOT,18,3,6.2,a,,True,751,True,0.0,0.0,2.34,2.95,2.63,2.74,2.7,2.56,2.89,2.43,2.77,2.34,11.462794
585,Bentancur,TOT,18,3,5.2,d,,True,1407,True,0.0,0.0,0.01,0.01,0.02,0.03,0.03,0.03,0.03,0.02,0.03,0.01,0.08537
586,Bergvall,TOT,18,3,5.2,d,,True,799,True,0.0,0.0,0.01,0.01,0.02,0.02,0.02,0.02,0.02,0.02,0.02,0.01,0.068578
587,Bissouma,TOT,18,3,5.2,a,,True,460,True,0.0,0.0,1.63,1.84,1.75,1.77,1.78,1.71,1.81,1.64,1.79,1.63,7.536387
588,Odobert,TOT,18,3,5.3,d,,True,972,True,0.0,0.0,0.09,0.21,0.29,0.4,0.4,0.38,0.42,0.37,0.4,0.09,1.191562
589,Solomon,TOT,18,3,5.4,a,,True,0,False,0.0,0.0,0.0,0.0,0.0,0.0,0.0,0.0,0.0,0.0,0.0,0.0,0.0
590,Bryan,TOT,18,3,4.9,a,,True,0,False,0.0,0.0,0.0,0.0,0.0,0.0,0.0,0.0,0.0,0.0,0.0,0.0,0.0
591,Gray,TOT,18,3,4.8,a,,True,1197,True,0.0,0.0,2.7,3.22,2.99,3.04,3.07,2.9,3.13,2.74,3.09,2.7,12.86737
592,Moore,TOT,18,3,5.0,a,,True,0,False,0.0,0.0,0.0,0.0,0.0,0.0,0.0,0.0,0.0,0.0,0.0,0.0,0.0
593,P.M.Sarr,TOT,18,3,4.5,a,,True,1140,True,0.0,0.0,2.65,3.15,2.92,2.98,2.99,2.84,3.09,2.7,3.02,2.65,12.602803
594,Min-hyeok,TOT,18,3,4.5,a,,True,0,False,0.0,0.0,0.0,0.0,0.0,0.0,0.0,0.0,0.0,0.0,0.0,0.0,0.0
595,Olusesi,TOT,18,3,4.3,a,,True,0,False,0.0,0.0,0.0,0.0,0.0,0.0,0.0,0.0,0.0,0.0,0.0,0.0,0.0
596,Solanke,TOT,18,4,7.2,a,,True,598,True,0.0,0.0,3.0,3.73,3.32,3.49,3.39,3.26,3.68,3.14,3.5,3.0,14.562859
597,Richarlison,TOT,18,4,6.3,a,,True,1346,False,0.0,0.0,1.1,1.31,1.19,1.24,1.21,1.18,1.3,1.14,1.24,1.1,5.214658
598,Lankshear,TOT,18,4,4.5,a,,True,0,False,0.0,0.0,0.0,0.0,0.0,0.0,0.0,0.0,0.0,0.0,0.0,0.0,0.0
599,Scarlett,TOT,18,4,4.3,a,,True,7,False,0.0,0.0,0.02,0.02,0.02,0.02,0.02,0.02,0.02,0.02,0.02,0.02,0.086578
600,Areola,WHU,19,1,4.3,d,,True,1800,True,0.0,0.0,0.05,0.12,0.21,0.22,0.25,0.22,0.22,0.22,0.24,0.05,0.711604
601,Foderingham,WHU,19,1,4.0,a,,True,0,False,0.0,0.0,0.0,0.0,0.0,0.0,0.0,0.0,0.0,0.0,0.0,0.0,0.0
602,Hegyi,WHU,19,1,3.9,a,,True,0,False,0.0,0.0,0.0,0.0,0.0,0.0,0.0,0.0,0.0,0.0,0.0,0.0,0.0
603,Diouf,WHU,19,2,4.0,a,,True,1913,False,0.0,0.0,2.1,2.51,3.68,2.13,3.04,2.14,2.18,2.22,2.85,2.1,11.015372
604,Emerson,WHU,19,2,4.4,a,,True,0,True,0.0,0.0,0.0,0.0,0.0,0.0,0.0,0.0,0.0,0.0,0.0,0.0,0.0
605,Kilman,WHU,19,2,4.1,d,,True,1559,True,0.0,0.0,0.02,0.03,0.06,0.07,0.07,0.07,0.07,0.07,0.07,0.02,0.214624
606,Mavropanos,WHU,19,2,4.4,a,,True,1722,True,0.0,0.0,1.68,1.94,2.65,1.7,2.26,1.71,1.75,1.75,2.14,1.68,8.469215
607,N.Aguerd,WHU,19,2,4.4,d,,True,180,False,0.0,0.0,0.0,0.0,0.0,0.0,0.0,0.0,0.0,0.0,0.0,0.0,0.0
608,Scarles,WHU,19,2,4.3,d,,True,654,True,0.0,0.0,0.06,0.13,0.23,0.24,0.28,0.24,0.25,0.25,0.27,0.06,0.790674
609,Todibo,WHU,19,2,4.3,a,,True,1611,True,0.0,0.0,0.7,0.92,1.44,0.73,1.15,0.74,0.82,0.76,1.04,0.7,3.993708
610,Wan-Bissaka,WHU,19,2,4.1,a,,True,1731,True,0.0,0.0,2.21,2.64,3.8,2.26,3.16,2.26,2.37,2.33,2.95,2.21,11.550858
611,Casey,WHU,19,2,4.0,a,,True,0,False,0.0,0.0,0.0,0.0,0.0,0.0,0.0,0.0,0.0,0.0,0.0,0.0,0.0
612,L.Paquetá,WHU,19,3,5.9,d,,True,1513,True,0.0,0.0,0.01,0.01,0.02,0.02,0.02,0.02,0.02,0.02,0.02,0.01,0.068578
613,Souček,WHU,19,3,5.7,a,,True,1416,True,0.0,0.0,4.03,3.96,4.61,3.87,4.28,3.91,3.31,4.01,4.44,4.03,17.61772
614,Ward-Prowse,BUR,3,3,5.6,a,,True,561,True,0.0,0.0,1.54,1.42,1.48,2.9,0.0,1.44,1.5,1.25,1.56,1.54,6.496944
615,Summerville,WHU,19,3,5.7,a,,True,1856,True,0.0,0.0,3.86,3.79,4.45,3.7,4.12,3.74,3.13,3.84,4.28,3.86,16.891357
616,Álvarez,WHU,19,3,4.9,a,,True,0,True,0.0,0.0,0.0,0.0,0.0,0.0,0.0,0.0,0.0,0.0,0.0,0.0,0.0
617,Cornet,WHU,19,3,4.9,a,,True,0,False,0.0,0.0,0.0,0.0,0.0,0.0,0.0,0.0,0.0,0.0,0.0,0.0,0.0
618,G.Rodriguez,WHU,19,3,4.8,d,,True,175,True,0.0,0.0,0.0,0.01,0.01,0.01,0.01,0.01,0.01,0.01,0.01,0.0,0.033289
619,L.Guilherme,WHU,19,3,4.9,a,,True,121,False,0.0,0.0,0.0,0.0,0.0,0.0,0.0,0.0,0.0,0.0,0.0,0.0,0.0
620,Earthy,WHU,19,3,4.5,a,,True,8,False,0.0,0.0,0.0,0.0,0.0,0.0,0.0,0.0,0.0,0.0,0.0,0.0,0.0
621,Irving,WHU,19,3,4.3,d,,True,156,False,0.0,0.0,0.0,0.0,0.0,0.0,0.0,0.0,0.0,0.0,0.0,0.0,0.0
622,Orford,WHU,19,3,4.4,a,,True,0,False,0.0,0.0,0.0,0.0,0.0,0.0,0.0,0.0,0.0,0.0,0.0,0.0,0.0
623,Potts,WHU,19,3,4.4,d,,True,1094,False,0.0,0.0,0.07,0.15,0.24,0.29,0.31,0.29,0.28,0.29,0.31,0.07,0.90031
624,Bowen,WHU,19,4,7.5,a,,True,2599,True,0.0,0.0,4.02,3.88,4.4,3.84,4.15,3.88,3.19,3.98,4.37,4.02,17.281389
625,Füllkrug,WHU,19,4,5.6,d,,True,407,True,0.0,0.0,0.0,0.0,0.0,0.0,0.0,0.0,0.0,0.0,0.0,0.0,0.0
626,Marshall,WHU,19,4,4.3,a,,True,58,False,0.0,0.0,0.0,0.0,0.0,0.0,0.0,0.0,0.0,0.0,0.0,0.0,0.0
627,Johnstone,WOL,20,1,4.4,d,,True,1080,True,0.0,0.0,0.0,0.0,0.0,0.0,0.0,0.0,0.0,0.0,0.0,0.0,0.0
628,José Sá,WOL,20,1,4.2,a,,True,1620,True,0.0,0.0,3.17,0.0,3.44,3.28,3.81,3.94,3.25,3.64,3.75,3.17,12.147072
629,Bentley,WOL,20,1,3.9,a,,True,0,False,0.0,0.0,0.0,0.0,0.0,0.0,0.0,0.0,0.0,0.0,0.0,0.0,0.0
630,King,EVE,9,1,3.9,a,,True,0,False,0.0,0.0,0.0,0.0,0.0,0.0,0.0,0.0,0.0,0.0,0.0,0.0,0.0
631,Agbadou,WOL,20,2,4.2,d,,True,1100,True,0.0,0.0,0.01,0.0,0.04,0.04,0.06,0.07,0.04,0.06,0.06,0.01,0.136729
632,Doherty,WOL,20,2,4.4,a,,True,702,True,0.0,0.0,0.42,0.0,0.44,0.42,0.44,0.44,0.41,0.43,0.46,0.42,1.515875
633,H.Bueno,WOL,20,2,4.3,a,,True,1856,False,0.0,0.0,1.93,0.0,2.27,2.05,2.58,2.67,2.0,2.42,2.6,1.93,7.83208
634,Mosquera,WOL,20,2,4.3,a,,True,1617,False,0.0,0.0,1.85,0.0,2.23,2.0,2.57,2.67,1.93,2.39,2.59,1.85,7.670465
635,R.Gomes,WOL,20,2,4.4,a,,True,596,True,0.0,0.0,1.08,0.0,1.15,1.1,1.16,1.16,1.07,1.14,1.21,1.08,3.957019
636,S.Bueno,WOL,20,2,4.4,a,,True,1832,True,0.0,0.0,2.78,0.0,3.37,3.01,3.95,4.13,2.92,3.66,3.96,2.78,11.646554
637,Toti,WOL,20,2,4.2,d,,True,1039,True,0.0,0.0,0.37,0.0,0.56,0.55,0.75,0.8,0.54,0.69,0.74,0.37,1.989757
638,Hoever,WOL,20,2,3.8,d,,True,423,False,0.0,0.0,0.0,0.0,0.0,0.0,0.0,0.0,0.0,0.0,0.0,0.0,0.0
639,Meupiyou,WOL,20,2,4.0,a,,True,0,False,0.0,0.0,0.0,0.0,0.0,0.0,0.0,0.0,0.0,0.0,0.0,0.0,0.0
640,Pedro Lima,WOL,20,2,4.0,a,,True,3,False,0.0,0.0,0.05,0.0,0.05,0.05,0.05,0.05,0.05,0.05,0.05,0.05,0.176446
641,Pond,WOL,20,2,3.9,a,,True,0,False,0.0,0.0,0.0,0.0,0.0,0.0,0.0,0.0,0.0,0.0,0.0,0.0,0.0
642,Hee Chan,WOL,20,3,5.6,d,,True,1144,True,0.0,0.0,0.04,0.0,0.13,0.16,0.17,0.17,0.15,0.17,0.18,0.04,0.43563
643,André,WOL,20,3,5.2,a,,True,2040,True,0.0,0.0,2.84,0.0,2.96,2.88,3.06,3.08,2.85,3.0,3.09,2.84,10.366262
644,Bellegarde,WOL,20,3,5.1,a,,True,1006,True,0.0,0.0,1.8,0.0,1.96,1.84,2.01,2.01,1.79,1.95,2.1,1.8,6.708917
645,Fer López,WOL,20,3,5.1,d,,True,228,False,0.0,0.0,0.0,0.0,0.0,0.0,0.0,0.0,0.0,0.0,0.0,0.0,0.0
646,J.Gomes,WOL,20,3,5.3,a,,True,2207,True,0.0,0.0,2.49,0.0,2.66,2.54,2.73,2.75,2.49,2.66,2.81,2.49,9.194229
647,Guedes,WOL,20,3,5.5,a,,True,0,True,0.0,0.0,0.0,0.0,0.0,0.0,0.0,0.0,0.0,0.0,0.0,0.0,0.0
648,Munetsi,WOL,20,3,5.3,d,,True,872,True,0.0,0.0,0.0,0.0,0.0,0.0,0.0,0.0,0.0,0.0,0.0,0.0,0.0
649,B.Traore,WOL,20,3,5.0,a,,True,0,False,0.0,0.0,0.0,0.0,0.0,0.0,0.0,0.0,0.0,0.0,0.0,0.0,0.0
650,Chirewa,WOL,20,3,4.3,a,,True,25,False,0.0,0.0,0.0,0.0,0.0,0.0,0.0,0.0,0.0,0.0,0.0,0.0,0.0
651,Edozie,WOL,20,3,4.3,a,,True,6,False,0.0,0.0,0.1,0.0,0.1,0.1,0.1,0.1,0.1,0.1,0.1,0.1,0.352891
652,Gonzalez,WOL,20,3,4.3,a,,True,0,False,0.0,0.0,0.0,0.0,0.0,0.0,0.0,0.0,0.0,0.0,0.0,0.0,0.0
653,Hodge,WOL,20,3,4.5,a,,True,0,False,0.0,0.0,0.0,0.0,0.0,0.0,0.0,0.0,0.0,0.0,0.0,0.0,0.0
654,Strand Larsen,CRY,8,4,6.1,a,,True,1806,True,0.0,0.0,2.81,0.0,2.8,3.08,2.35,2.65,5.12,2.53,2.14,2.81,10.241661
655,Fábio Silva,WOL,20,4,4.9,a,,True,0,False,0.0,0.0,0.0,0.0,0.0,0.0,0.0,0.0,0.0,0.0,0.0,0.0,0.0
656,Kalajdžić,WOL,20,4,4.9,a,,True,14,False,0.0,0.0,0.0,0.0,0.0,0.0,0.0,0.0,0.0,0.0,0.0,0.0,0.0
657,Chiwome,WOL,20,4,4.4,a,,True,0,False,0.0,0.0,0.0,0.0,0.0,0.0,0.0,0.0,0.0,0.0,0.0,0.0,0.0
658,Fraser,WOL,20,4,4.2,a,,True,0,False,0.0,0.0,0.0,0.0,0.0,0.0,0.0,0.0,0.0,0.0,0.0,0.0,0.0
659,Walker-Peters,WHU,19,2,4.2,d,,True,954,True,0.0,0.0,0.04,0.08,0.13,0.16,0.17,0.16,0.16,0.16,0.17,0.04,0.4952
660,Stach,LEE,11,3,4.7,a,,True,1955,False,0.0,0.0,3.24,3.55,3.08,7.25,0.0,4.4,3.43,3.52,3.66,3.24,15.45639
661,Ekitiké,LIV,12,4,9.2,a,,True,1764,False,0.0,0.0,5.62,4.75,5.38,4.77,5.32,4.48,5.13,4.85,5.38,5.62,22.21705
662,Mosquera,ARS,1,2,5.3,a,,True,615,False,0.0,0.0,2.13,0.0,2.06,1.61,2.02,2.11,2.0,2.32,1.82,2.13,7.107689
663,J.Arias,WOL,20,3,4.9,d,,True,1117,False,0.0,0.0,0.01,0.0,0.04,0.06,0.06,0.06,0.05,0.06,0.06,0.01,0.146313
664,Lecomte,FUL,10,1,3.9,a,,True,0,False,0.0,0.0,0.0,0.0,0.0,0.0,0.0,0.0,0.0,0.0,0.0,0.0,0.0
665,Perri,LEE,11,1,4.5,d,,True,1440,False,0.0,0.0,0.01,0.02,0.02,0.08,0.0,0.04,0.04,0.04,0.03,0.01,0.116775
666,Gyökeres,ARS,1,4,8.8,a,,True,1859,False,0.0,0.0,3.26,0.0,3.55,2.85,3.43,3.32,3.47,4.28,2.97,3.26,11.78953
667,Aznou,EVE,9,2,4.2,a,,True,0,False,0.0,0.0,0.0,0.0,0.0,0.0,0.0,0.0,0.0,0.0,0.0,0.0,0.0
668,Xhaka,SUN,17,3,5.1,a,,True,2091,False,0.0,0.0,1.38,1.34,1.43,1.34,1.44,1.39,1.34,1.33,1.35,1.38,5.955266
669,Ndoye,NFO,16,3,5.5,d,,True,1111,False,0.0,0.0,0.51,0.56,0.63,0.75,0.67,0.66,0.69,0.65,0.7,0.51,2.670536
670,Roefs,SUN,17,1,4.8,d,,True,2520,False,0.0,0.0,1.67,1.72,2.19,2.15,2.37,2.39,2.12,2.17,2.06,1.67,8.658745
671,Wilson,WHU,19,4,5.8,a,,True,992,False,0.0,0.0,1.77,1.7,1.98,1.68,1.85,1.69,1.32,1.75,1.96,1.77,7.610764
672,Hato,CHE,7,2,4.6,a,,True,540,False,0.0,0.0,2.19,2.09,1.79,3.9,0.0,2.51,1.72,2.53,2.34,2.19,9.200931
673,J.Palhinha,TOT,18,3,5.5,a,,True,1774,False,0.0,0.0,3.29,3.8,3.57,3.63,3.65,3.48,3.72,3.33,3.67,3.29,15.397978
674,Ramsdale,NEW,15,1,4.8,a,,True,643,True,0.0,0.0,1.23,1.59,1.29,1.43,1.24,1.42,1.41,1.5,1.36,1.23,5.945336
675,Gunn,NFO,16,1,4.0,a,,True,45,False,0.0,0.0,0.04,0.04,0.04,0.04,0.04,0.04,0.04,0.04,0.04,0.04,0.173156
676,Ugochukwu,BUR,3,3,5.0,a,,True,1893,True,0.0,0.0,2.41,2.21,2.31,4.51,0.0,2.24,2.36,1.92,2.48,2.41,10.136911
677,Guessand,CRY,8,3,6.2,a,,True,790,False,0.0,0.0,2.14,0.0,2.12,2.31,1.83,2.02,3.94,1.94,1.73,2.14,7.820942
678,Masuaku,SUN,17,2,3.9,d,,True,125,False,0.0,0.0,0.0,0.0,0.0,0.0,0.0,0.0,0.0,0.0,0.0,0.0,0.0
679,Hermansen,WHU,19,1,4.2,a,,True,810,True,0.0,0.0,2.97,3.14,3.81,2.97,3.42,2.98,2.97,3.01,3.31,2.97,13.783495
680,Broja,BUR,3,4,5.2,d,,True,805,False,0.0,0.0,0.06,0.11,0.17,0.44,0.0,0.22,0.23,0.19,0.23,0.06,0.692896
681,Šeško,MUN,14,4,7.3,a,,True,1295,False,0.0,0.0,3.94,3.8,4.09,3.44,3.93,3.55,3.65,4.14,3.51,3.94,16.545799
682,Møller Wolfe,WOL,20,2,4.2,a,,True,839,False,0.0,0.0,1.13,0.0,1.35,1.21,1.58,1.65,1.18,1.47,1.57,1.13,4.682374
683,Alderete,SUN,17,2,4.1,a,,True,2173,False,0.0,0.0,4.17,3.6,4.66,3.9,4.62,4.6,3.8,3.95,3.63,4.17,17.862415
684,Thiaw,NEW,15,2,5.0,a,,True,2207,False,0.0,0.0,3.49,5.41,3.91,4.91,3.17,4.68,4.59,5.39,4.28,3.49,18.717965
685,Diakité,BOU,4,2,4.2,d,,True,1275,False,0.0,0.0,0.01,0.02,0.04,0.1,0.0,0.05,0.05,0.05,0.05,0.01,0.151166
686,Ngumoha,LIV,12,3,4.3,a,,True,128,False,0.0,0.0,1.38,1.23,1.34,1.23,1.32,1.18,1.29,1.24,1.34,1.38,5.601722
687,Rees-Dottin,BOU,4,3,4.3,a,,True,0,False,0.0,0.0,0.0,0.0,0.0,0.0,0.0,0.0,0.0,0.0,0.0,0.0,0.0
688,Wright,AVL,2,1,3.9,a,,True,0,False,0.0,0.0,0.0,0.0,0.0,0.0,0.0,0.0,0.0,0.0,0.0,0.0,0.0
689,Seung soo,NEW,15,3,4.3,a,,True,0,False,0.0,0.0,0.0,0.0,0.0,0.0,0.0,0.0,0.0,0.0,0.0,0.0,0.0
690,Cardines,CRY,8,3,4.4,a,,True,0,False,0.0,0.0,0.0,0.0,0.0,0.0,0.0,0.0,0.0,0.0,0.0,0.0,0.0
691,Calvert-Lewin,LEE,11,4,5.7,a,,True,1933,True,0.0,0.0,3.8,4.24,3.56,8.53,0.0,5.46,3.98,4.15,4.43,3.8,18.283775
692,Leoni,LIV,12,2,4.9,a,,True,0,False,0.0,0.0,0.0,0.0,0.0,0.0,0.0,0.0,0.0,0.0,0.0,0.0,0.0
693,Hutchinson,NFO,16,3,5.4,d,,True,1153,True,0.0,0.0,1.06,1.12,1.29,1.73,1.33,1.24,1.43,1.22,1.47,1.06,5.495795
694,Mukiele,SUN,17,2,4.5,d,,True,2163,False,0.0,0.0,0.22,0.37,0.74,0.81,0.98,0.96,0.79,0.81,0.75,0.22,2.623093
695,Tchatchoua,WOL,20,2,4.4,a,,True,1605,False,0.0,0.0,1.92,0.0,2.36,2.1,2.88,3.04,2.06,2.64,2.82,1.92,8.248177
696,Kalimuendo,NFO,16,4,6.0,a,,True,89,False,0.0,0.0,0.0,0.0,0.0,0.0,0.0,0.0,0.0,0.0,0.0,0.0,0.0
697,Adli,BOU,4,3,5.4,a,,True,923,False,0.0,0.0,2.42,2.05,1.67,4.3,0.0,2.16,2.03,2.07,2.11,2.42,9.358451
698,Okafor,LEE,11,3,5.5,d,,True,1266,False,0.0,0.0,0.11,0.25,0.32,1.0,0.0,0.62,0.47,0.49,0.51,0.11,1.541494
699,Douglas Luiz,AVL,2,3,4.9,a,,True,770,False,0.0,0.0,2.2,2.72,2.42,2.59,2.34,2.59,2.7,2.33,2.19,2.2,10.621881
700,Dowman,ARS,1,3,4.2,a,,True,27,False,0.0,0.0,0.0,0.0,0.0,0.0,0.0,0.0,0.0,0.0,0.0,0.0,0.0
701,Rowe,AVL,2,2,4.0,a,,True,0,False,0.0,0.0,0.0,0.0,0.0,0.0,0.0,0.0,0.0,0.0,0.0,0.0,0.0
702,Burrowes,AVL,2,3,4.4,a,,True,16,False,0.0,0.0,0.0,0.0,0.0,0.0,0.0,0.0,0.0,0.0,0.0,0.0,0.0
703,Proctor,AVL,2,1,3.9,a,,True,0,False,0.0,0.0,0.0,0.0,0.0,0.0,0.0,0.0,0.0,0.0,0.0,0.0,0.0
704,Onyango,EVE,9,3,4.5,a,,True,0,False,0.0,0.0,0.0,0.0,0.0,0.0,0.0,0.0,0.0,0.0,0.0,0.0,0.0
705,Campbell,EVE,9,2,3.9,a,,True,0,False,0.0,0.0,0.0,0.0,0.0,0.0,0.0,0.0,0.0,0.0,0.0,0.0,0.0
706,Justin,LEE,11,2,3.9,a,,True,1083,True,0.0,0.0,2.95,3.49,2.72,7.74,0.0,4.72,3.59,3.62,3.56,2.95,15.289864
707,Dibling,EVE,9,3,5.3,a,,True,349,True,0.0,0.0,0.46,0.46,0.46,0.46,0.46,0.46,0.46,0.46,0.46,0.46,1.991299
708,M.Fernandes,WHU,19,3,5.5,a,,True,2213,True,0.0,0.0,3.64,3.64,4.04,3.57,3.83,3.59,3.31,3.64,3.88,3.64,15.992595
709,Krejčí,WOL,20,2,4.5,a,,True,1947,False,0.0,0.0,1.85,0.0,2.29,2.02,2.7,2.82,1.95,2.48,2.72,1.85,7.867432
710,Patterson,AVL,2,2,3.9,a,,True,0,False,0.0,0.0,0.0,0.0,0.0,0.0,0.0,0.0,0.0,0.0,0.0,0.0,0.0
711,Harriman-Annous,ARS,1,3,4.4,a,,True,0,False,0.0,0.0,0.0,0.0,0.0,0.0,0.0,0.0,0.0,0.0,0.0,0.0,0.0
712,Yeremy,CRY,8,3,5.8,d,,True,1706,False,0.0,0.0,0.97,0.0,1.18,1.42,1.09,1.22,2.37,1.16,1.01,0.97,4.332474
713,A.Jimenez,BOU,4,2,4.5,a,,True,1855,False,0.0,0.0,3.35,2.46,1.73,5.21,0.0,2.69,2.53,2.15,2.78,3.35,11.554698
714,Woltemade,NEW,15,4,6.7,d,,True,1530,False,0.0,0.0,0.88,1.13,1.1,1.41,0.93,1.3,1.27,1.53,1.21,0.88,4.873623
715,John,NFO,16,1,4.0,d,,True,437,False,0.0,0.0,0.0,0.01,0.01,0.01,0.01,0.01,0.01,0.01,0.01,0.0,0.033289
716,Savona,NFO,16,2,4.5,d,,True,1025,False,0.0,0.0,0.0,0.0,0.0,0.01,0.0,0.0,0.0,0.0,0.0,0.0,0.00512
717,Xavi,TOT,18,3,6.5,a,,True,1533,False,0.0,0.0,1.91,2.35,2.12,2.2,2.18,2.07,2.3,1.97,2.22,1.91,9.23295
718,S.Magassa,WHU,19,3,5.0,a,,True,931,False,0.0,0.0,1.45,1.45,1.59,1.43,1.52,1.43,1.36,1.45,1.53,1.45,6.368229
719,Lindelöf,AVL,2,2,4.5,d,,True,572,True,0.0,0.0,0.03,0.07,0.1,0.14,0.13,0.14,0.14,0.13,0.12,0.03,0.404899
720,Tolu,WOL,20,4,5.4,a,,True,1215,False,0.0,0.0,1.97,0.0,2.16,2.02,2.16,2.13,1.95,2.1,2.3,1.97,7.306793
721,Milosavljević,BOU,4,2,4.4,d,,True,367,False,0.0,0.0,0.0,0.01,0.01,0.04,0.0,0.02,0.02,0.02,0.02,0.0,0.054226
722,Florentino,BUR,3,3,5.0,a,,True,1651,False,0.0,0.0,0.99,0.95,0.97,1.92,0.0,0.96,0.98,0.9,0.99,0.99,4.280152
723,Canvot,CRY,8,2,4.5,a,,True,622,False,0.0,0.0,3.82,0.0,3.7,4.18,2.95,3.36,6.59,3.14,3.04,3.82,13.533547
724,Geertruida,SUN,17,2,4.5,a,,True,1231,False,0.0,0.0,1.84,1.61,2.03,1.73,2.01,2.01,1.69,1.75,1.62,1.84,7.876709
725,Hincapie,ARS,1,2,5.1,a,,True,1483,False,0.0,0.0,5.27,0.0,5.18,4.09,5.06,5.22,5.03,5.87,4.55,5.27,17.775321
726,Kolo Muani,TOT,18,4,6.9,a,,True,1185,False,0.0,0.0,1.41,1.6,1.49,1.54,1.51,1.48,1.59,1.44,1.54,1.41,6.51271
727,Chukwueze,FUL,10,3,5.3,a,,True,743,False,0.0,0.0,2.71,3.67,2.32,2.54,2.86,1.94,3.02,2.74,2.92,2.71,12.094624
728,Röhl,EVE,9,3,5.0,d,,True,353,False,0.0,0.0,0.01,0.02,0.03,0.04,0.05,0.04,0.04,0.05,0.05,0.01,0.128627
729,Cuiabano,NFO,16,2,4.5,a,,True,0,False,0.0,0.0,0.0,0.0,0.0,0.0,0.0,0.0,0.0,0.0,0.0,0.0,0.0
730,Brobbey,SUN,17,4,5.4,d,,True,1193,False,0.0,0.0,0.29,0.56,0.91,1.1,1.23,1.13,1.11,1.09,1.14,0.29,3.468516
731,Kevin,FUL,10,3,5.8,d,,True,898,False,0.0,0.0,0.12,0.29,0.33,0.46,0.49,0.4,0.51,0.47,0.5,0.12,1.446642
732,Uche,CRY,8,4,5.5,a,,True,159,False,0.0,0.0,0.63,0.0,0.63,0.65,0.6,0.62,1.22,0.61,0.58,0.63,2.359971
733,Lammens,MUN,14,1,5.0,a,,True,2070,False,0.0,0.0,4.11,3.72,3.99,3.41,3.87,3.8,4.1,4.22,3.69,4.11,16.794724
734,Bakwa,NFO,16,3,5.9,d,,True,342,False,0.0,0.0,0.36,0.39,0.44,0.54,0.47,0.46,0.49,0.45,0.5,0.36,1.880033
735,Traoré,SUN,17,3,5.5,a,,True,634,False,0.0,0.0,0.69,0.69,0.7,0.69,0.7,0.69,0.69,0.68,0.69,0.69,2.995348
736,Donnarumma,MCI,13,1,5.6,a,,True,2340,False,0.0,0.0,3.49,0.0,3.06,7.14,0.0,3.49,6.97,3.34,3.72,3.49,13.399388
737,Kusi-Asare,FUL,10,4,4.5,a,,True,30,False,0.0,0.0,0.02,0.02,0.02,0.02,0.02,0.02,0.02,0.02,0.02,0.02,0.086578
738,Fabianski,WHU,19,1,4.5,a,,True,0,True,0.0,0.0,0.0,0.0,0.0,0.0,0.0,0.0,0.0,0.0,0.0,0.0,0.0
739,Mukasa,MCI,13,3,4.4,a,,True,25,False,0.0,0.0,0.01,0.0,0.01,0.02,0.0,0.01,0.03,0.01,0.01,0.01,0.041556
740,Mfuni,MCI,13,2,3.9,a,,True,0,False,0.0,0.0,0.0,0.0,0.0,0.0,0.0,0.0,0.0,0.0,0.0,0.0,0.0
741,Gray,LEE,11,4,4.5,a,,True,0,False,0.0,0.0,0.0,0.0,0.0,0.0,0.0,0.0,0.0,0.0,0.0,0.0,0.0
742,McAidoo,MCI,13,3,4.5,a,,True,0,False,0.0,0.0,0.0,0.0,0.0,0.0,0.0,0.0,0.0,0.0,0.0,0.0,0.0
743,Emenalo,CHE,7,3,4.5,a,,True,0,False,0.0,0.0,0.0,0.0,0.0,0.0,0.0,0.0,0.0,0.0,0.0,0.0,0.0
744,Oriola,BHA,6,3,4.5,a,,True,1,False,0.0,0.0,0.0,0.0,0.0,0.0,0.0,0.0,0.0,0.0,0.0,0.0,0.0
745,Byfield,TOT,18,2,4.0,a,,True,1,False,0.0,0.0,0.03,0.03,0.03,0.03,0.03,0.03,0.03,0.03,0.03,0.03,0.129867
746,Morrison,LIV,12,3,4.5,a,,True,0,False,0.0,0.0,0.0,0.0,0.0,0.0,0.0,0.0,0.0,0.0,0.0,0.0,0.0
747,Mayers,WHU,19,2,4.0,a,,True,113,False,0.0,0.0,0.26,0.26,0.26,0.26,0.26,0.26,0.26,0.26,0.26,0.26,1.125517
748,Dasilva,BRE,5,3,4.9,a,,True,0,False,0.0,0.0,0.0,0.0,0.0,0.0,0.0,0.0,0.0,0.0,0.0,0.0,0.0
749,Mané,WOL,20,4,4.5,a,,True,1235,False,0.0,0.0,3.04,0.0,3.31,3.11,3.3,3.26,3.01,3.22,3.5,3.04,11.222176
750,Rowswell,TOT,18,2,4.0,a,,True,0,False,0.0,0.0,0.0,0.0,0.0,0.0,0.0,0.0,0.0,0.0,0.0,0.0,0.0
751,Akhamrich,TOT,18,3,4.5,a,,True,0,False,0.0,0.0,0.0,0.0,0.0,0.0,0.0,0.0,0.0,0.0,0.0,0.0,0.0
752,Golambeckis,WHU,19,2,4.0,a,,True,0,False,0.0,0.0,0.0,0.0,0.0,0.0,0.0,0.0,0.0,0.0,0.0,0.0,0.0
753,Ruddy,NEW,15,1,4.0,a,,True,0,False,0.0,0.0,0.0,0.0,0.0,0.0,0.0,0.0,0.0,0.0,0.0,0.0,0.0
754,George Hemmings,AVL,2,3,4.5,a,,True,25,False,0.0,0.0,0.01,0.01,0.01,0.01,0.01,0.01,0.01,0.01,0.01,0.01,0.043289
755,Lacey,MUN,14,3,4.5,a,,True,12,False,0.0,0.0,0.01,0.01,0.01,0.01,0.01,0.01,0.01,0.01,0.01,0.01,0.043289
756,DaCosta,BOU,4,3,4.5,a,,True,0,False,0.0,0.0,0.0,0.0,0.0,0.0,0.0,0.0,0.0,0.0,0.0,0.0,0.0
757,Hollingshead,AVL,2,1,4.0,a,,True,0,False,0.0,0.0,0.0,0.0,0.0,0.0,0.0,0.0,0.0,0.0,0.0,0.0,0.0
758,Mohamadou Kanté,WHU,19,3,4.5,a,,True,24,False,0.0,0.0,0.79,0.79,0.79,0.79,0.79,0.79,0.78,0.79,0.79,0.79,3.417219
759,Salmon,ARS,1,2,4.0,a,,True,0,False,0.0,0.0,0.0,0.0,0.0,0.0,0.0,0.0,0.0,0.0,0.0,0.0,0.0
760,Lucky,LIV,12,2,4.0,a,,True,0,False,0.0,0.0,0.0,0.0,0.0,0.0,0.0,0.0,0.0,0.0,0.0,0.0,0.0
761,Simmonds,BHA,6,2,4.0,a,,True,0,False,0.0,0.0,0.0,0.0,0.0,0.0,0.0,0.0,0.0,0.0,0.0,0.0,0.0
762,Drakes-Thomas,CRY,8,3,4.5,a,,True,7,False,0.0,0.0,0.0,0.0,0.0,0.0,0.0,0.0,0.01,0.0,0.0,0.0,0.002621
763,Gray,MCI,13,3,4.5,a,,True,0,False,0.0,0.0,0.0,0.0,0.0,0.0,0.0,0.0,0.0,0.0,0.0,0.0,0.0
764,Heskey,MCI,13,3,4.5,a,,True,0,False,0.0,0.0,0.0,0.0,0.0,0.0,0.0,0.0,0.0,0.0,0.0,0.0,0.0
765,Shahar,NEW,15,2,4.0,a,,True,0,False,0.0,0.0,0.0,0.0,0.0,0.0,0.0,0.0,0.0,0.0,0.0,0.0,0.0
766,Olagunju,WOL,20,2,4.0,a,,True,0,False,0.0,0.0,0.0,0.0,0.0,0.0,0.0,0.0,0.0,0.0,0.0,0.0,0.0
767,Rawlings,WOL,20,3,4.5,a,,True,0,False,0.0,0.0,0.0,0.0,0.0,0.0,0.0,0.0,0.0,0.0,0.0,0.0,0.0
768,Leon Routh,AVL,2,2,4.0,a,,True,0,False,0.0,0.0,0.0,0.0,0.0,0.0,0.0,0.0,0.0,0.0,0.0,0.0,0.0
769,Bendito Mantato,MUN,14,3,4.5,a,,True,15,False,0.0,0.0,0.0,0.0,0.0,0.0,0.0,0.0,0.0,0.0,0.0,0.0,0.0
770,Ridgeon,FUL,10,3,4.5,a,,True,0,False,0.0,0.0,0.0,0.0,0.0,0.0,0.0,0.0,0.0,0.0,0.0,0.0,0.0
771,Fletcher,MUN,14,3,4.4,a,,True,1,False,0.0,0.0,0.05,0.05,0.05,0.05,0.05,0.05,0.05,0.05,0.05,0.05,0.216446
772,Alabi,NEW,15,3,4.5,a,,True,0,False,0.0,0.0,0.0,0.0,0.0,0.0,0.0,0.0,0.0,0.0,0.0,0.0,0.0
773,Benamar,CRY,8,2,4.0,a,,True,0,False,0.0,0.0,0.0,0.0,0.0,0.0,0.0,0.0,0.0,0.0,0.0,0.0,0.0
774,Jenson Jones,SUN,17,2,4.0,a,,True,0,False,0.0,0.0,0.0,0.0,0.0,0.0,0.0,0.0,0.0,0.0,0.0,0.0,0.0
775,Tutierov,SUN,17,3,4.5,a,,True,0,False,0.0,0.0,0.0,0.0,0.0,0.0,0.0,0.0,0.0,0.0,0.0,0.0,0.0
776,Pimlott,BUR,3,3,4.5,a,,True,0,False,0.0,0.0,0.0,0.0,0.0,0.0,0.0,0.0,0.0,0.0,0.0,0.0,0.0
777,Ojinnaka,WOL,20,3,4.5,a,,True,0,False,0.0,0.0,0.0,0.0,0.0,0.0,0.0,0.0,0.0,0.0,0.0,0.0,0.0
778,Sutherland,WOL,20,3,4.5,a,,True,0,False,0.0,0.0,0.0,0.0,0.0,0.0,0.0,0.0,0.0,0.0,0.0,0.0,0.0
779,Graham,EVE,9,4,4.5,a,,True,0,False,0.0,0.0,0.0,0.0,0.0,0.0,0.0,0.0,0.0,0.0,0.0,0.0,0.0
780,Casey,CRY,8,4,4.5,a,,True,0,False,0.0,0.0,0.0,0.0,0.0,0.0,0.0,0.0,0.0,0.0,0.0,0.0,0.0
781,Carroll,AVL,2,2,4.0,a,,True,0,False,0.0,0.0,0.0,0.0,0.0,0.0,0.0,0.0,0.0,0.0,0.0,0.0,0.0
782,Forster,BOU,4,1,4.0,a,,True,0,True,0.0,0.0,0.0,0.0,0.0,0.0,0.0,0.0,0.0,0.0,0.0,0.0,0.0
783,Groß,BHA,6,3,5.5,a,,True,826,False,0.0,0.0,3.62,3.47,4.2,7.2,0.0,3.52,4.06,3.56,3.52,3.62,16.325282
784,Brierley,BUR,3,3,4.5,a,,True,0,False,0.0,0.0,0.0,0.0,0.0,0.0,0.0,0.0,0.0,0.0,0.0,0.0,0.0
785,Pablo,WHU,19,4,5.4,d,,True,250,False,0.0,0.0,0.05,0.11,0.17,0.21,0.22,0.22,0.2,0.22,0.23,0.05,0.653675
786,McNally,FUL,10,1,4.0,a,,True,0,False,0.0,0.0,0.0,0.0,0.0,0.0,0.0,0.0,0.0,0.0,0.0,0.0,0.0
787,Chambers,LEE,11,3,4.4,a,,True,0,False,0.0,0.0,0.0,0.0,0.0,0.0,0.0,0.0,0.0,0.0,0.0,0.0,0.0
788,Kukonki,MUN,14,2,4.0,a,,True,0,False,0.0,0.0,0.0,0.0,0.0,0.0,0.0,0.0,0.0,0.0,0.0,0.0,0.0
789,Merrick,CHE,7,1,4.0,a,,True,0,False,0.0,0.0,0.0,0.0,0.0,0.0,0.0,0.0,0.0,0.0,0.0,0.0,0.0
790,Williams-Barnett,TOT,18,3,4.5,a,,True,0,False,0.0,0.0,0.0,0.0,0.0,0.0,0.0,0.0,0.0,0.0,0.0,0.0,0.0
791,Taty,WHU,19,4,5.5,a,,True,742,False,0.0,0.0,3.16,3.06,3.46,3.03,3.27,3.05,2.53,3.13,3.44,3.16,13.609345
792,Alysson,AVL,2,3,5.0,a,,True,47,False,0.0,0.0,0.81,0.88,0.84,0.85,0.83,0.86,0.88,0.82,0.82,0.81,3.648799
793,King,CRY,8,2,4.0,a,,True,0,False,0.0,0.0,0.0,0.0,0.0,0.0,0.0,0.0,0.0,0.0,0.0,0.0,0.0
794,Alleyne,MCI,13,2,4.0,d,,True,135,False,0.0,0.0,0.01,0.0,0.02,0.08,0.0,0.04,0.08,0.04,0.04,0.01,0.112938
795,Howell,BHA,6,3,4.5,a,,True,92,False,0.0,0.0,0.65,0.65,0.68,1.3,0.0,0.65,0.67,0.65,0.65,0.65,2.904795
796,Gallagher,TOT,18,3,5.2,a,,True,577,False,0.0,0.0,1.72,1.98,1.86,1.89,1.89,1.82,1.95,1.75,1.91,1.72,8.031229
797,Furo,BRE,5,4,4.5,a,,True,0,False,0.0,0.0,0.0,0.0,0.0,0.0,0.0,0.0,0.0,0.0,0.0,0.0,0.0
798,Imray,CRY,8,2,4.0,a,,True,0,False,0.0,0.0,0.0,0.0,0.0,0.0,0.0,0.0,0.0,0.0,0.0,0.0,0.0
799,Stevens,BOU,4,3,4.5,a,,True,0,False,0.0,0.0,0.0,0.0,0.0,0.0,0.0,0.0,0.0,0.0,0.0,0.0,0.0
800,Jocelin.T,SUN,17,3,5.0,a,,True,38,False,0.0,0.0,0.19,0.18,0.19,0.18,0.19,0.18,0.18,0.18,0.18,0.19,0.7997
801,Tóth.A,BOU,4,3,4.9,a,,True,71,False,0.0,0.0,0.44,0.41,0.37,0.83,0.0,0.42,0.4,0.41,0.41,0.44,1.827013
802,Lamadrid,WHU,19,3,5.0,a,,True,0,False,0.0,0.0,0.0,0.0,0.0,0.0,0.0,0.0,0.0,0.0,0.0,0.0,0.0
803,Sharman-Lowe,CHE,7,1,4.0,a,,True,0,False,0.0,0.0,0.0,0.0,0.0,0.0,0.0,0.0,0.0,0.0,0.0,0.0,0.0
804,Souza,TOT,18,2,4.0,a,,True,87,False,0.0,0.0,0.63,0.66,0.64,0.65,0.65,0.64,0.66,0.64,0.65,0.63,2.79264
805,Lucca,NFO,16,4,5.5,a,,True,119,False,0.0,0.0,0.62,0.59,0.62,0.75,0.58,0.56,0.63,0.55,0.65,0.62,2.683415
806,Mandas,BOU,4,1,4.0,a,,True,0,False,0.0,0.0,0.0,0.0,0.0,0.0,0.0,0.0,0.0,0.0,0.0,0.0,0.0
807,Rayan,BOU,4,3,5.6,a,,True,451,False,0.0,0.0,4.33,3.53,2.69,7.49,0.0,3.76,3.49,3.55,3.67,4.33,16.217652
808,Abraham,AVL,2,4,6.0,a,,True,163,False,0.0,0.0,1.54,1.93,1.68,1.76,1.62,1.78,1.91,1.61,1.57,1.54,7.408881
809,Abbey,WOL,20,3,4.5,a,,True,0,False,0.0,0.0,0.0,0.0,0.0,0.0,0.0,0.0,0.0,0.0,0.0,0.0,0.0
810,Bentt,BRE,5,3,4.5,a,,True,0,False,0.0,0.0,0.0,0.0,0.0,0.0,0.0,0.0,0.0,0.0,0.0,0.0,0.0
811,Kyerematen,TOT,18,3,4.5,a,,True,0,False,0.0,0.0,0.0,0.0,0.0,0.0,0.0,0.0,0.0,0.0,0.0,0.0,0.0
812,Ellborg,SUN,17,1,4.0,a,,True,90,False,0.0,0.0,1.72,1.56,1.86,1.64,1.85,1.85,1.61,1.65,1.57,1.72,7.393532
813,Angulo,SUN,17,3,5.0,a,,True,254,False,0.0,0.0,2.42,2.31,2.55,2.32,2.56,2.45,2.32,2.31,2.34,2.42,10.424435
814,Netz,NFO,16,2,4.5,a,,True,48,False,0.0,0.0,0.41,0.4,0.41,0.46,0.39,0.38,0.42,0.38,0.42,0.41,1.772439
815,Disasi,WHU,19,2,4.5,a,,True,450,True,0.0,0.0,1.99,2.41,3.64,2.02,2.97,2.03,2.06,2.11,2.78,1.99,10.612465
816,Angel,WOL,20,3,4.8,a,,True,237,False,0.0,0.0,1.21,0.0,1.25,1.22,1.26,1.26,1.21,1.24,1.28,1.21,4.355602
817,Armstrong,WOL,20,4,5.3,a,,True,481,True,0.0,0.0,2.02,0.0,2.23,2.07,2.23,2.2,1.99,2.17,2.39,2.02,7.519068
818,Wilson,TOT,18,4,4.5,a,,True,0,False,0.0,0.0,0.0,0.0,0.0,0.0,0.0,0.0,0.0,0.0,0.0,0.0,0.0
819,Shield,BRE,5,2,4.0,a,,True,0,False,0.0,0.0,0.0,0.0,0.0,0.0,0.0,0.0,0.0,0.0,0.0,0.0,0.0
820,McMahon-Brown,BUR,3,3,4.5,a,,True,0,False,0.0,0.0,0.0,0.0,0.0,0.0,0.0,0.0,0.0,0.0,0.0,0.0,0.0
821,Whittaker,SUN,17,3,4.5,a,,True,0,False,0.0,0.0,0.0,0.0,0.0,0.0,0.0,0.0,0.0,0.0,0.0,0.0,0.0
822,Jones,SUN,17,3,4.5,a,,True,0,False,0.0,0.0,0.0,0.0,0.0,0.0,0.0,0.0,0.0,0.0,0.0,0.0,0.0
